[
    {
        "Entity": {"Primary Entity": ["datasets"]},
        "Action": {"Primary Action": ["know"]},
        "Part of Sentence": {
            "Second UserStory": [" i want to #know# other reports/#datasets# that are related (e.g. see also) to report/dataset being viewed for the purpose finding other related information."],
            "First UserStory": [" i want to #know# which reports/#datasets# are coming out when"]
        },
        "Targets": [[
            "know",
            "datasets"
        ]],
        "Triggers": [[
            "patron",
            "know"
        ]],
        "Text": {
            "Second UserStory": "#g27# as a patron, i want to #know# other reports/#datasets# that are related (e.g. see also) to report/dataset being viewed for the purpose finding other related information.",
            "First UserStory": "#g27# as a patron, i want to #know# which reports/#datasets# are coming out when, so that i can access latest report/dataset."
        },
        "Conflicted Elements": 4,
        "Conflict Pair": "user_story_04_AND_user_story_77"
    },
    {
        "Entity": {"Secondary Entity": ["how"]},
        "Action": {"Secondary Action": ["know"]},
        "Part of Sentence": {
            "Second UserStory": [" so that users #know# #how# the materials can be used."],
            "First UserStory": [" so that i #know# #how# i can reuse them."]
        },
        "Targets": [[
            "know",
            "how"
        ]],
        "Text": {
            "Second UserStory": "#g27# as a cornell faculty member, i want to easily assign a cc license to the files i are depositing, so that users #know# #how# the materials can be used.",
            "First UserStory": "#g27# as a cornell faculty member, i want to see clearly what reuse rights i have to files discovered in the repository, so that i #know# #how# i can reuse them."
        },
        "Conflicted Elements": 3,
        "Conflict Pair": "user_story_08_AND_user_story_66"
    },
    {
        "Entity": {"Primary Entity": ["mechanism"]},
        "Action": {"Primary Action": ["have"]},
        "Part of Sentence": {
            "Second UserStory": [" i want to #have# #mechanism# to pass ownership/management of the assets to a successor."],
            "First UserStory": [" i want to #have# a #mechanism# to obtain a listing or understanding of all the assets that have been deposited"]
        },
        "Targets": [[
            "have",
            "mechanism"
        ]],
        "Triggers": [[
            "asset manager",
            "have"
        ]],
        "Text": {
            "Second UserStory": "#g27# as an asset manager, i want to #have# #mechanism# to pass ownership/management of the assets to a successor.",
            "First UserStory": "#g27# as an asset manager, i want to #have# a #mechanism# to obtain a listing or understanding of all the assets that have been deposited, and their current status."
        },
        "Conflicted Elements": 4,
        "Conflict Pair": "user_story_103_AND_user_story_111"
    },
    {
        "Entity": {"Primary Entity": ["mechanism"]},
        "Action": {"Primary Action": ["have"]},
        "Part of Sentence": {
            "Second UserStory": [" i want to #have# a #mechanism# to allow for records scheduling for items that do not need to be stored indefinitely."],
            "First UserStory": [" i want to #have# a #mechanism# to obtain a listing or understanding of all the assets that have been deposited"]
        },
        "Targets": [[
            "have",
            "mechanism"
        ]],
        "Text": {
            "Second UserStory": "#g27# as a data curator, i want to #have# a #mechanism# to allow for records scheduling for items that do not need to be stored indefinitely.",
            "First UserStory": "#g27# as an asset manager, i want to #have# a #mechanism# to obtain a listing or understanding of all the assets that have been deposited, and their current status."
        },
        "Conflicted Elements": 3,
        "Conflict Pair": "user_story_103_AND_user_story_113"
    },
    {
        "Entity": {"Primary Entity": ["mechanism"]},
        "Action": {"Primary Action": ["have"]},
        "Part of Sentence": {
            "Second UserStory": [" i want to #have# a #mechanism# to allow for records scheduling for items that do not need to be stored indefinitely."],
            "First UserStory": [" i want to #have# #mechanism# to pass ownership/management of the assets to a successor."]
        },
        "Targets": [[
            "have",
            "mechanism"
        ]],
        "Text": {
            "Second UserStory": "#g27# as a data curator, i want to #have# a #mechanism# to allow for records scheduling for items that do not need to be stored indefinitely.",
            "First UserStory": "#g27# as an asset manager, i want to #have# #mechanism# to pass ownership/management of the assets to a successor."
        },
        "Conflicted Elements": 3,
        "Conflict Pair": "user_story_111_AND_user_story_113"
    },
    {
        "Entity": {"Primary Entity": ["new version"]},
        "Action": {"Primary Action": ["upload"]},
        "Part of Sentence": {
            "Second UserStory": [" i want to #upload# a #new version# of an item that has changed"],
            "First UserStory": [" i want to #upload# #new version# of report/dataset while retaining previous versions for patron use."]
        },
        "Targets": [[
            "upload",
            "new version"
        ]],
        "Text": {
            "Second UserStory": "#g27# as a data curator, i want to #upload# a #new version# of an item that has changed, while still allowing old versions to be accessed.",
            "First UserStory": "#g27# as a db/ir administrator, i want to #upload# #new version# of report/dataset while retaining previous versions for patron use."
        },
        "Conflicted Elements": 3,
        "Conflict Pair": "user_story_114_AND_user_story_64"
    },
    {
        "Entity": {"Primary Entity": ["data"]},
        "Action": {"Primary Action": ["upload"]},
        "Part of Sentence": {
            "Second UserStory": [" i want to #upload# to the repository the #data# that is associated with my embargoed dissertation to meet requirements of a dmp i submitted with my nsf ddig."],
            "First UserStory": [" i want to #upload# #data# and provide a cut and paste formatted citation for people who use it"]
        },
        "Targets": [[
            "upload",
            "data"
        ]],
        "Text": {
            "Second UserStory": "#g27# as a student, i want to #upload# to the repository the #data# that is associated with my embargoed dissertation to meet requirements of a dmp i submitted with my nsf ddig.",
            "First UserStory": "#g27# as a cornell faculty member, i want to #upload# #data# and provide a cut and paste formatted citation for people who use it, so that i receive proper attribution for my work."
        },
        "Conflicted Elements": 3,
        "Conflict Pair": "user_story_13_AND_user_story_69"
    },
    {
        "Entity": {"Primary Entity": ["list"]},
        "Action": {"Primary Action": ["see"]},
        "Part of Sentence": {
            "Second UserStory": [" i want to #see# a #list# of all administrators for ease of administering accounts."],
            "First UserStory": [" i want to #see# #list# of subscribers for specified report in order research missing report complaints."]
        },
        "Targets": [[
            "see",
            "list"
        ]],
        "Triggers": [[
            "DB/IR administrator",
            "see"
        ]],
        "Text": {
            "Second UserStory": "#g27# as a db/ir administrator, i want to #see# a #list# of all administrators for ease of administering accounts.",
            "First UserStory": "#g27# as a db/ir administrator, i want to #see# #list# of subscribers for specified report in order research missing report complaints."
        },
        "Conflicted Elements": 4,
        "Conflict Pair": "user_story_22_AND_user_story_88"
    },
    {
        "Entity": {"Primary Entity": ["scholarly work"]},
        "Action": {"Primary Action": ["upload"]},
        "Part of Sentence": {
            "Second UserStory": [" i want to #upload# my #scholarly work# to the #repository#"],
            "First UserStory": [" i want to #upload# my #scholarly work# to the #repository#"]
        },
        "Contains": [[
            "repository",
            "scholarly work"
        ]],
        "Targets": [[
            "upload",
            "scholarly work"
        ]],
        "Triggers": [[
            "faculty member",
            "upload"
        ]],
        "Text": {
            "Second UserStory": "#g27# as a faculty member, i want to #upload# my #scholarly work# to the #repository#, so that i can reach a non-academic audience, expand my influence within my academic community, and use it for teaching.",
            "First UserStory": "#g27# as a faculty member, i want to #upload# my #scholarly work# to the #repository#, so that i can have a persistent url that can be used for my personal web page and cv."
        },
        "Conflicted Elements": 5,
        "Conflict Pair": "user_story_24_AND_user_story_53"
    },
    {
        "Entity": {
            "Primary Entity": ["who"],
            "Secondary Entity": ["research"]
        },
        "Action": {
            "Secondary Action": ["engaged"],
            "Primary Action": ["learn"]
        },
        "Part of Sentence": {
            "Second UserStory": [" i want to #learn# #who# at #cornell# has or is #engaged# in #research# related to a particular topic"],
            "First UserStory": [" i want to #learn# #who# at #cornell# has or is #engaged# in #research# related to a particular topic"]
        },
        "Contains": [
            [
                "Cornell",
                "who"
            ],
            [
                "who",
                "research"
            ],
            [
                "research",
                "particular topic"
            ]
        ],
        "Targets": [
            [
                "learn",
                "who"
            ],
            [
                "engaged",
                "research"
            ]
        ],
        "Triggers": [[
            "student",
            "learn"
        ]],
        "Text": {
            "Second UserStory": "#g27# as a student, i want to #learn# #who# at #cornell# has or is #engaged# in #research# related to a particular topic, so that i can find an appropriate advisor, choose which courses to enroll in, and identify work/internship opportunities.",
            "First UserStory": "#g27# as a student, i want to #learn# #who# at #cornell# has or is #engaged# in #research# related to a particular topic, so that i can decide if i would like to pursue studies/#research# at cornell."
        },
        "Conflicted Elements": 10,
        "Conflict Pair": "user_story_49_AND_user_story_50"
    },
    {
        "Entity": {"Secondary Entity": ["content"]},
        "Action": {"Secondary Action": ["deliver"]},
        "Part of Sentence": {
            "Second UserStory": [" so that i can #deliver# such #content# in the manner best fit to the audience or occasion."],
            "First UserStory": [" so that i can #deliver# such #content# in the manner expected and ensure continued access to said content."]
        },
        "Targets": [[
            "deliver",
            "content"
        ]],
        "Text": {
            "Second UserStory": "#g27# as a library staff member, i want to use #content# and metadata from the repository in other systems and/or web pages easily, so that i can #deliver# such #content# in the manner best fit to the audience or occasion.",
            "First UserStory": "#g27# as a library staff member, i want to #deliver# streaming media from within the repository, so that i can #deliver# such #content# in the manner expected and ensure continued access to said content."
        },
        "Conflicted Elements": 3,
        "Conflict Pair": "user_story_59_AND_user_story_72"
    },
    {
        "Entity": {"Secondary Entity": ["collection owner's request"]},
        "Action": {"Secondary Action": ["fulfill"]},
        "Part of Sentence": {
            "Second UserStory": [" so that i can #fulfill# the #collection owner's request#."],
            "First UserStory": [" so that i can #fulfill# the #collection owner's request#."]
        },
        "Targets": [[
            "fulfill",
            "collection owner's request"
        ]],
        "Text": {
            "Second UserStory": "#g27# as a repository support team member, i want to rename a collection, so that i can #fulfill# the #collection owner's request#.",
            "First UserStory": "#g27# as a repository support team member, i want to move a collection, so that i can #fulfill# the #collection owner's request#."
        },
        "Conflicted Elements": 3,
        "Conflict Pair": "user_story_96_AND_user_story_97"
    }
]