[
    {
        "Entity": {"Primary Entity": ["application"]},
        "Action": {"Primary Action": ["fill out"]},
        "Part of Sentence": {
            "Second UserStory": [" i want to #fill out# an #application# to become a certified scrum trainer"],
            "First UserStory": [" i want to #fill out# an #application# to become a certified scrum practitioner"]
        },
        "Targets": [[
            "fill out",
            "application"
        ]],
        "Triggers": [[
            "site member",
            "fill out"
        ]],
        "Text": {
            "Second UserStory": "#g10# as a site member, i want to #fill out# an #application# to become a certified scrum trainer, so that i can teach csm and cspo courses and certify others.",
            "First UserStory": "#g10# as a site member, i want to #fill out# an #application# to become a certified scrum practitioner, so that i can earn that designation."
        },
        "Conflicted Elements": 4,
        "Conflict Pair": "user_story_02_AND_user_story_04"
    },
    {
        "Entity": {"Secondary Entity": ["others"]},
        "Action": {"Secondary Action": ["find"]},
        "Part of Sentence": {
            "Second UserStory": [" so that i can #find# #others# i might want to #connect# with."],
            "First UserStory": [" so that i can #find# #others# i might want to #connect# with."]
        },
        "Targets": [
            [
                "find",
                "others"
            ],
            [
                "connect",
                "others"
            ]
        ],
        "Text": {
            "Second UserStory": "#g10# as a site member, i want to search for profiles based on a few fields, so that i can #find# #others# i might want to #connect# with.",
            "First UserStory": "#g10# as a site member, i want to view the profiles of other members, so that i can #find# #others# i might want to #connect# with."
        },
        "Conflicted Elements": 5,
        "Conflict Pair": "user_story_08_AND_user_story_09"
    },
    {
        "Entity": {
            "Primary Entity": ["list"],
            "Secondary Entity": ["best course"]
        },
        "Action": {
            "Secondary Action": ["choose"],
            "Primary Action": ["see"]
        },
        "Part of Sentence": {
            "Second UserStory": [" so that i can #choose# the #best course# for me."],
            "First UserStory": [" so that i can #choose# the #best course# for me."]
        },
        "Targets": [
            [
                "see",
                "list"
            ],
            [
                "choose",
                "best course"
            ]
        ],
        "Triggers": [[
            "site visitor",
            "see"
        ]],
        "Text": {
            "Second UserStory": "#g10# as a site visitor, i want to #see# a #list# of all upcoming other courses and can page through them if necessary, so that i can #choose# the #best course# for me.",
            "First UserStory": "#g10# as a site visitor, i want to #see# a #list# of all upcoming certification courses and can page through them if there are a lot, so that i can #choose# the #best course# for me."
        },
        "Conflicted Elements": 7,
        "Conflict Pair": "user_story_21_AND_user_story_22"
    },
    {
        "Entity": {"Primary Entity": ["list"]},
        "Action": {"Primary Action": ["see"]},
        "Part of Sentence": {
            "Second UserStory": [" i want to #see# a #list# of all upcoming events"],
            "First UserStory": [" i want to #see# a #list# of all upcoming certification courses and can page through them if there are a lot"]
        },
        "Targets": [[
            "see",
            "list"
        ]],
        "Triggers": [[
            "site visitor",
            "see"
        ]],
        "Text": {
            "Second UserStory": "#g10# as a site visitor, i want to #see# a #list# of all upcoming events, so that i can decide if i want to attend any.",
            "First UserStory": "#g10# as a site visitor, i want to #see# a #list# of all upcoming certification courses and can page through them if there are a lot, so that i can choose the best course for me."
        },
        "Conflicted Elements": 4,
        "Conflict Pair": "user_story_21_AND_user_story_23"
    },
    {
        "Entity": {"Primary Entity": ["list"]},
        "Action": {"Primary Action": ["see"]},
        "Part of Sentence": {
            "Second UserStory": [" i want to #see# a #list# of the most popular items on the site"],
            "First UserStory": [" i want to #see# a #list# of all upcoming certification courses and can page through them if there are a lot"]
        },
        "Targets": [[
            "see",
            "list"
        ]],
        "Triggers": [[
            "site visitor",
            "see"
        ]],
        "Text": {
            "Second UserStory": "#g10# as a site visitor, i want to #see# a #list# of the most popular items on the site, so that i am most likely to read the most important or best content.",
            "First UserStory": "#g10# as a site visitor, i want to #see# a #list# of all upcoming certification courses and can page through them if there are a lot, so that i can choose the best course for me."
        },
        "Conflicted Elements": 4,
        "Conflict Pair": "user_story_21_AND_user_story_73"
    },
    {
        "Entity": {"Primary Entity": ["list"]},
        "Action": {"Primary Action": ["see"]},
        "Part of Sentence": {
            "Second UserStory": [" i want to #see# a #list# of all upcoming events"],
            "First UserStory": [" i want to #see# a #list# of all upcoming other courses and can page through them if necessary"]
        },
        "Targets": [[
            "see",
            "list"
        ]],
        "Triggers": [[
            "site visitor",
            "see"
        ]],
        "Text": {
            "Second UserStory": "#g10# as a site visitor, i want to #see# a #list# of all upcoming events, so that i can decide if i want to attend any.",
            "First UserStory": "#g10# as a site visitor, i want to #see# a #list# of all upcoming other courses and can page through them if necessary, so that i can choose the best course for me."
        },
        "Conflicted Elements": 4,
        "Conflict Pair": "user_story_22_AND_user_story_23"
    },
    {
        "Entity": {"Primary Entity": ["list"]},
        "Action": {"Primary Action": ["see"]},
        "Part of Sentence": {
            "Second UserStory": [" i want to #see# a #list# of the most popular items on the site"],
            "First UserStory": [" i want to #see# a #list# of all upcoming other courses and can page through them if necessary"]
        },
        "Targets": [[
            "see",
            "list"
        ]],
        "Triggers": [[
            "site visitor",
            "see"
        ]],
        "Text": {
            "Second UserStory": "#g10# as a site visitor, i want to #see# a #list# of the most popular items on the site, so that i am most likely to read the most important or best content.",
            "First UserStory": "#g10# as a site visitor, i want to #see# a #list# of all upcoming other courses and can page through them if necessary, so that i can choose the best course for me."
        },
        "Conflicted Elements": 4,
        "Conflict Pair": "user_story_22_AND_user_story_73"
    },
    {
        "Entity": {"Primary Entity": ["list"]},
        "Action": {"Primary Action": ["see"]},
        "Part of Sentence": {
            "Second UserStory": [" i want to #see# a #list# of the most popular items on the site"],
            "First UserStory": [" i want to #see# a #list# of all upcoming events"]
        },
        "Targets": [[
            "see",
            "list"
        ]],
        "Triggers": [[
            "site visitor",
            "see"
        ]],
        "Text": {
            "Second UserStory": "#g10# as a site visitor, i want to #see# a #list# of the most popular items on the site, so that i am most likely to read the most important or best content.",
            "First UserStory": "#g10# as a site visitor, i want to #see# a #list# of all upcoming events, so that i can decide if i want to attend any."
        },
        "Conflicted Elements": 4,
        "Conflict Pair": "user_story_23_AND_user_story_73"
    },
    {
        "Entity": {"Primary Entity": ["event"]},
        "Action": {"Primary Action": ["create"]},
        "Part of Sentence": {
            "Second UserStory": [" i want to #create# an other course or #event# i am charged a listing fee for that activity"],
            "First UserStory": [" i want to #create# a new course or #event#"]
        },
        "Targets": [[
            "create",
            "event"
        ]],
        "Triggers": [[
            "trainer",
            "create"
        ]],
        "Text": {
            "Second UserStory": "#g10# as a trainer, i want to #create# an other course or #event# i am charged a listing fee for that activity, so that i don't list events i don't really intend to hold.",
            "First UserStory": "#g10# as a trainer, i want to #create# a new course or #event#, so that site visitors can see it."
        },
        "Conflicted Elements": 4,
        "Conflict Pair": "user_story_24_AND_user_story_25"
    },
    {
        "Entity": {"Primary Entity": ["event"]},
        "Action": {"Primary Action": ["create"]},
        "Part of Sentence": {
            "Second UserStory": [" i want to #create# an other course or #event# that is not charged a listing fee"],
            "First UserStory": [" i want to #create# a new course or #event#"]
        },
        "Targets": [[
            "create",
            "event"
        ]],
        "Text": {
            "Second UserStory": "#g10# as a site administrator, i want to #create# an other course or #event# that is not charged a listing fee, so that the scrum alliance doesn't charge itself for scrum gatherings that it puts on.",
            "First UserStory": "#g10# as a trainer, i want to #create# a new course or #event#, so that site visitors can see it."
        },
        "Conflicted Elements": 3,
        "Conflict Pair": "user_story_24_AND_user_story_26"
    },
    {
        "Entity": {"Primary Entity": ["event"]},
        "Action": {"Primary Action": ["create"]},
        "Part of Sentence": {
            "Second UserStory": [" i want to #create# an #other course# or #event# that is not charged a listing fee"],
            "First UserStory": [" i want to #create# an #other course# or #event# i am charged a listing fee for that activity"]
        },
        "Targets": [
            [
                "create",
                "Other Course"
            ],
            [
                "create",
                "Event"
            ]
        ],
        "Text": {
            "Second UserStory": "#g10# as a site administrator, i want to #create# an #other course# or #event# that is not charged a listing fee, so that the scrum alliance doesn't charge itself for scrum gatherings that it puts on.",
            "First UserStory": "#g10# as a trainer, i want to #create# an #other course# or #event# i am charged a listing fee for that activity, so that i don't list events i don't really intend to hold."
        },
        "Conflicted Elements": 5,
        "Conflict Pair": "user_story_25_AND_user_story_26"
    },
    {
        "Entity": {"Primary Entity": ["rss feed"]},
        "Action": {"Primary Action": ["subscribe"]},
        "Part of Sentence": {
            "Second UserStory": [" i want to #subscribe# to an #rss feed# of articles"],
            "First UserStory": [" i want to #subscribe# to an #rss feed# of upcoming courses and events"]
        },
        "Targets": [[
            "subscribe",
            "RSS feed"
        ]],
        "Triggers": [[
            "site visitor",
            "subscribe"
        ]],
        "Text": {
            "Second UserStory": "#g10# as a site visitor, i want to #subscribe# to an #rss feed# of articles, so that i can read them without visiting the site.",
            "First UserStory": "#g10# as a site visitor, i want to #subscribe# to an #rss feed# of upcoming courses and events, so that i am up to day without having to visit the site."
        },
        "Conflicted Elements": 4,
        "Conflict Pair": "user_story_36_AND_user_story_63"
    },
    {
        "Entity": {"Primary Entity": ["full-text search"]},
        "Action": {"Primary Action": ["do"]},
        "Part of Sentence": {
            "Second UserStory": [" i want to #do# a #full-text search# of article body"],
            "First UserStory": [" i want to #do# a #full-text search# of the faqs"]
        },
        "Targets": [[
            "do",
            "full-text search"
        ]],
        "Triggers": [[
            "site visitor",
            "do"
        ]],
        "Text": {
            "Second UserStory": "#g10# as a site visitor, i want to #do# a #full-text search# of article body, title, and author name, so that i can find what i want.",
            "First UserStory": "#g10# as a site visitor, i want to #do# a #full-text search# of the faqs, so that i can find an answer quickly."
        },
        "Conflicted Elements": 4,
        "Conflict Pair": "user_story_39_AND_user_story_62"
    },
    {
        "Entity": {"Secondary Entity": ["site"]},
        "Action": {"Secondary Action": ["come"]},
        "Part of Sentence": {
            "Second UserStory": [" so that i #come# to the #site# for my agile news and learning."],
            "First UserStory": [" i want to see new content when i #come# to the #site#"]
        },
        "Targets": [[
            "come",
            "site"
        ]],
        "Text": {
            "Second UserStory": "#g10# as a site visitor, i want to have articles that interest me and are easy to get to, so that i #come# to the #site# for my agile news and learning.",
            "First UserStory": "#g10# as a site visitor, i want to see new content when i #come# to the #site#, so that i #come# back more often."
        },
        "Conflicted Elements": 3,
        "Conflict Pair": "user_story_68_AND_user_story_69"
    },
    {
        "Entity": {"Primary Entity": ["why"]},
        "Action": {"Primary Action": ["know"]},
        "Part of Sentence": {
            "Second UserStory": [" i want to #know# as i glance around the home page what on earth a csm is and #why# i'd want to be one"],
            "First UserStory": [" i want to #know# as soon as i visit what on earth scrum is and #why# it needs an alliance"]
        },
        "Targets": [[
            "know",
            "why"
        ]],
        "Triggers": [[
            "site visitor",
            "know"
        ]],
        "Text": {
            "Second UserStory": "#g10# as a site visitor, i want to #know# as i glance around the home page what on earth a csm is and #why# i'd want to be one, so that i read more.",
            "First UserStory": "#g10# as a site visitor, i want to #know# as soon as i visit what on earth scrum is and #why# it needs an alliance, so that i don't bounce immediately oï¬�\u201a� the page."
        },
        "Conflicted Elements": 4,
        "Conflict Pair": "user_story_70_AND_user_story_71"
    },
    {
        "Entity": {"Secondary Entity": ["company's support"]},
        "Action": {"Secondary Action": ["see"]},
        "Part of Sentence": {
            "Second UserStory": [" so that others #see# the #company's support# of #scrum#."],
            "First UserStory": [" so that others #see# the #company's support# of #scrum#."]
        },
        "Contains": [[
            "Scrum",
            "company's support"
        ]],
        "Targets": [[
            "see",
            "company's support"
        ]],
        "Text": {
            "Second UserStory": "#g10# as a corporatesponsor, i want to make my logo randomly appear on the home page, so that others #see# the #company's support# of #scrum#.",
            "First UserStory": "#g10# as a corporatesponsor, i want to display my logo on a corporate sponsors page, so that others #see# the #company's support# of #scrum#."
        },
        "Conflicted Elements": 4,
        "Conflict Pair": "user_story_89_AND_user_story_90"
    }
]