[
    {
        "Entity": {"Secondary Entity": ["bugs"]},
        "Action": {"Secondary Action": ["make"]},
        "Part of Sentence": {
            "Second UserStory": [" so that i can #fix# #bugs# or #make# #enhancements# in the #api# built for my data."],
            "First UserStory": [" so that i can #fix# #bugs# or #make# #enhancements# in the #api# built for my data."]
        },
        "Contains": [
            [
                "API",
                "enhancements"
            ],
            [
                "data",
                "API"
            ]
        ],
        "Targets": [
            [
                "fix",
                "bugs"
            ],
            [
                "make",
                "enhancements"
            ]
        ],
        "Triggers": [[
            "Data Publishing User",
            "edit"
        ]],
        "Text": {
            "Second UserStory": "#g05# as a data publishing user, i want to be able to edit the data source of data i have already imported, so that i can #fix# #bugs# or #make# #enhancements# in the #api# built for my data.",
            "First UserStory": "#g05# as a data publishing user, i want to be able to edit the model of data i have already imported, so that i can #fix# #bugs# or #make# #enhancements# in the #api# built for my data."
        },
        "Conflicted Elements": 9,
        "Conflict Pair": "user_story_02_AND_user_story_07"
    },
    {
        "Entity": {
            "Primary Entity": ["view"],
            "Secondary Entity": ["management actions"]
        },
        "Action": {
            "Secondary Action": ["perform"],
            "Primary Action": ["have"]
        },
        "Part of Sentence": {
            "Second UserStory": [" so that i can #perform# #management actions# on my own datasets."],
            "First UserStory": [" so that i can #perform# #management actions# on any dataset."]
        },
        "Targets": [
            [
                "have",
                "view"
            ],
            [
                "perform",
                "management actions"
            ]
        ],
        "Text": {
            "Second UserStory": "#g05# as a data publishing user, i want to #have# a #view# on all the datasets i have published, so that i can #perform# #management actions# on my own datasets.",
            "First UserStory": "#g05# as a platform administrator, i want to #have# a #view# on all datasets published by all users, so that i can #perform# #management actions# on any dataset."
        },
        "Conflicted Elements": 6,
        "Conflict Pair": "user_story_05_AND_user_story_45"
    },
    {
        "Entity": {
            "Primary Entity": ["data"],
            "Secondary Entity": ["data packager"]
        },
        "Action": {
            "Secondary Action": ["use"],
            "Primary Action": ["import"]
        },
        "Part of Sentence": {
            "Second UserStory": [" so that i do not have to convert #data formats# in order to #use# the #data packager#."],
            "First UserStory": [" so that i do not have to convert #data formats# in order to #use# the #data packager#."]
        },
        "Contains": [[
            "data",
            "data formats"
        ]],
        "Targets": [
            [
                "import",
                "data"
            ],
            [
                "use",
                "data packager"
            ]
        ],
        "Triggers": [[
            "Data Publishing User",
            "import"
        ]],
        "Text": {
            "Second UserStory": "#g05# as a data publishing user, i want to be able to #import# #data# in json, so that i do not have to convert #data formats# in order to #use# the #data packager#.",
            "First UserStory": "#g05# as a data publishing user, i want to be able to #import# #data# in excel, so that i do not have to convert #data formats# in order to #use# the #data packager#."
        },
        "Conflicted Elements": 8,
        "Conflict Pair": "user_story_09_AND_user_story_11"
    },
    {
        "Entity": {
            "Primary Entity": ["data"],
            "Secondary Entity": ["data packager"]
        },
        "Action": {
            "Secondary Action": ["use"],
            "Primary Action": ["import"]
        },
        "Part of Sentence": {
            "Second UserStory": [" so that i do not have to convert #data formats# in order to #use# the #data packager#."],
            "First UserStory": [" so that i do not have to convert #data formats# in order to #use# the #data packager#."]
        },
        "Contains": [[
            "data",
            "data formats"
        ]],
        "Targets": [
            [
                "import",
                "data"
            ],
            [
                "use",
                "data packager"
            ]
        ],
        "Triggers": [[
            "Data Publishing User",
            "import"
        ]],
        "Text": {
            "Second UserStory": "#g05# as a data publishing user, i want to be able to #import# #data# from a google spreadsheet, so that i do not have to convert #data formats# in order to #use# the #data packager#.",
            "First UserStory": "#g05# as a data publishing user, i want to be able to #import# #data# in excel, so that i do not have to convert #data formats# in order to #use# the #data packager#."
        },
        "Conflicted Elements": 8,
        "Conflict Pair": "user_story_09_AND_user_story_12"
    },
    {
        "Entity": {
            "Primary Entity": ["data"],
            "Secondary Entity": ["data packager"]
        },
        "Action": {
            "Secondary Action": ["use"],
            "Primary Action": ["import"]
        },
        "Part of Sentence": {
            "Second UserStory": [" so that i do not have to convert #data formats# in order to #use# the #data packager#."],
            "First UserStory": [" so that i do not have to convert #data formats# in order to #use# the #data packager#."]
        },
        "Contains": [[
            "data",
            "data formats"
        ]],
        "Targets": [
            [
                "import",
                "data"
            ],
            [
                "use",
                "data packager"
            ]
        ],
        "Triggers": [[
            "Data Publishing User",
            "import"
        ]],
        "Text": {
            "Second UserStory": "#g05# as a data publishing user, i want to be able to #import# #data# from fiscal data package descriptor file, so that i do not have to convert #data formats# in order to #use# the #data packager#.",
            "First UserStory": "#g05# as a data publishing user, i want to be able to #import# #data# in excel, so that i do not have to convert #data formats# in order to #use# the #data packager#."
        },
        "Conflicted Elements": 8,
        "Conflict Pair": "user_story_09_AND_user_story_13"
    },
    {
        "Entity": {
            "Primary Entity": ["data"],
            "Secondary Entity": ["data packager"]
        },
        "Action": {
            "Secondary Action": ["use"],
            "Primary Action": ["import"]
        },
        "Part of Sentence": {
            "Second UserStory": [" so that i do not have to convert #data formats# in order to #use# the #data packager#."],
            "First UserStory": [" so that i do not have to convert #data formats# in order to #use# the #data packager#."]
        },
        "Contains": [[
            "data",
            "data formats"
        ]],
        "Targets": [
            [
                "import",
                "data"
            ],
            [
                "use",
                "data packager"
            ]
        ],
        "Triggers": [[
            "Data Publishing User",
            "import"
        ]],
        "Text": {
            "Second UserStory": "#g05# as a data publishing user, i want to be able to #import# #data# from a google spreadsheet, so that i do not have to convert #data formats# in order to #use# the #data packager#.",
            "First UserStory": "#g05# as a data publishing user, i want to be able to #import# #data# in json, so that i do not have to convert #data formats# in order to #use# the #data packager#."
        },
        "Conflicted Elements": 8,
        "Conflict Pair": "user_story_11_AND_user_story_12"
    },
    {
        "Entity": {
            "Primary Entity": ["data"],
            "Secondary Entity": ["data packager"]
        },
        "Action": {
            "Secondary Action": ["use"],
            "Primary Action": ["import"]
        },
        "Part of Sentence": {
            "Second UserStory": [" so that i do not have to convert #data formats# in order to #use# the #data packager#."],
            "First UserStory": [" so that i do not have to convert #data formats# in order to #use# the #data packager#."]
        },
        "Contains": [[
            "data",
            "data formats"
        ]],
        "Targets": [
            [
                "import",
                "data"
            ],
            [
                "use",
                "data packager"
            ]
        ],
        "Triggers": [[
            "Data Publishing User",
            "import"
        ]],
        "Text": {
            "Second UserStory": "#g05# as a data publishing user, i want to be able to #import# #data# from fiscal data package descriptor file, so that i do not have to convert #data formats# in order to #use# the #data packager#.",
            "First UserStory": "#g05# as a data publishing user, i want to be able to #import# #data# in json, so that i do not have to convert #data formats# in order to #use# the #data packager#."
        },
        "Conflicted Elements": 8,
        "Conflict Pair": "user_story_11_AND_user_story_13"
    },
    {
        "Entity": {
            "Primary Entity": ["data"],
            "Secondary Entity": ["data packager"]
        },
        "Action": {
            "Secondary Action": ["use"],
            "Primary Action": ["import"]
        },
        "Part of Sentence": {
            "Second UserStory": [" so that i do not have to convert #data formats# in order to #use# the #data packager#."],
            "First UserStory": [" so that i do not have to convert #data formats# in order to #use# the #data packager#."]
        },
        "Contains": [[
            "data",
            "data formats"
        ]],
        "Targets": [
            [
                "import",
                "data"
            ],
            [
                "use",
                "data packager"
            ]
        ],
        "Triggers": [[
            "Data Publishing User",
            "import"
        ]],
        "Text": {
            "Second UserStory": "#g05# as a data publishing user, i want to be able to #import# #data# from fiscal data package descriptor file, so that i do not have to convert #data formats# in order to #use# the #data packager#.",
            "First UserStory": "#g05# as a data publishing user, i want to be able to #import# #data# from a google spreadsheet, so that i do not have to convert #data formats# in order to #use# the #data packager#."
        },
        "Conflicted Elements": 8,
        "Conflict Pair": "user_story_12_AND_user_story_13"
    },
    {
        "Entity": {
            "Primary Entity": ["user"],
            "Secondary Entity": ["functionality"]
        },
        "Action": {
            "Secondary Action": ["offer"],
            "Primary Action": ["understand"]
        },
        "Part of Sentence": {
            "Second UserStory": [" so that i can #offer# #functionality# based on platform administration privileges."],
            "First UserStory": [" so that i can #offer# #functionality# based on dataset publisher privileges."]
        },
        "Targets": [
            [
                "understand",
                "user"
            ],
            [
                "offer",
                "functionality"
            ]
        ],
        "Triggers": [[
            "API User",
            "understand"
        ]],
        "Text": {
            "Second UserStory": "#g05# as an api user, i want to be able to #understand# if a #user# is an administrator, so that i can #offer# #functionality# based on platform administration privileges.",
            "First UserStory": "#g05# as an api user, i want to be able to #understand# if a #user# is a publisher, so that i can #offer# #functionality# based on dataset publisher privileges."
        },
        "Conflicted Elements": 7,
        "Conflict Pair": "user_story_25_AND_user_story_26"
    },
    {
        "Entity": {"Secondary Entity": ["results"]},
        "Action": {"Secondary Action": ["get"]},
        "Part of Sentence": {
            "Second UserStory": [" so that i can #build# #user experiences# based on more than one dataset more easily."],
            "First UserStory": [" so that i can #build# #user experiences# based on more than one dataset more easily."]
        },
        "Contains": [[
            "multiple datasets",
            "results"
        ]],
        "Targets": [
            [
                "get",
                "results"
            ],
            [
                "build",
                "user experiences"
            ]
        ],
        "Triggers": [[
            "API User",
            "use"
        ]],
        "Text": {
            "Second UserStory": "#g05# as an api user, i want to be able to use data to #get# #results# from #multiple datasets#, so that i can #build# #user experiences# based on more than one dataset more easily.",
            "First UserStory": "#g05# as an api user, i want to be able to use metadata to #get# #results# from #multiple datasets#, so that i can #build# #user experiences# based on more than one dataset more easily."
        },
        "Conflicted Elements": 8,
        "Conflict Pair": "user_story_32_AND_user_story_33"
    },
    {
        "Entity": {
            "Primary Entity": ["measures"],
            "Secondary Entity": ["datasets"]
        },
        "Action": {
            "Secondary Action": ["work"],
            "Primary Action": ["normalise"]
        },
        "Part of Sentence": {
            "Second UserStory": [" so that i #work# with #datasets# in reference to their #contextual constraints#."],
            "First UserStory": [" so that i #work# with #datasets# in reference to their #contextual constraints#."]
        },
        "Contains": [[
            "datasets",
            "contextual constraints"
        ]],
        "Targets": [
            [
                "normalise",
                "measures"
            ],
            [
                "work",
                "datasets"
            ]
        ],
        "Triggers": [[
            "API User",
            "normalise"
        ]],
        "Text": {
            "Second UserStory": "#g05# as an api user, i want to be able to #normalise# #measures# by geographical area, so that i #work# with #datasets# in reference to their #contextual constraints#.",
            "First UserStory": "#g05# as an api user, i want to be able to #normalise# #measures# by population, so that i #work# with #datasets# in reference to their #contextual constraints#."
        },
        "Conflicted Elements": 8,
        "Conflict Pair": "user_story_34_AND_user_story_35"
    },
    {
        "Entity": {
            "Primary Entity": ["measures"],
            "Secondary Entity": ["datasets"]
        },
        "Action": {
            "Secondary Action": ["work"],
            "Primary Action": ["normalise"]
        },
        "Part of Sentence": {
            "Second UserStory": [" so i #work# with #datasets# in reference to their #contextual constraints#."],
            "First UserStory": [" so that i #work# with #datasets# in reference to their #contextual constraints#."]
        },
        "Contains": [[
            "datasets",
            "contextual constraints"
        ]],
        "Targets": [
            [
                "normalise",
                "measures"
            ],
            [
                "work",
                "datasets"
            ]
        ],
        "Triggers": [[
            "API User",
            "normalise"
        ]],
        "Text": {
            "Second UserStory": "#g05# as an api user, i want to be able to #normalise# #measures# by gdp, so i #work# with #datasets# in reference to their #contextual constraints#.",
            "First UserStory": "#g05# as an api user, i want to be able to #normalise# #measures# by population, so that i #work# with #datasets# in reference to their #contextual constraints#."
        },
        "Conflicted Elements": 8,
        "Conflict Pair": "user_story_34_AND_user_story_36"
    },
    {
        "Entity": {
            "Primary Entity": ["measures"],
            "Secondary Entity": ["datasets"]
        },
        "Action": {
            "Secondary Action": ["work"],
            "Primary Action": ["normalise"]
        },
        "Part of Sentence": {
            "Second UserStory": [" so that i #work# with #datasets# in reference to their #contextual constraints#."],
            "First UserStory": [" so that i #work# with #datasets# in reference to their #contextual constraints#."]
        },
        "Contains": [[
            "datasets",
            "contextual constraints"
        ]],
        "Targets": [
            [
                "normalise",
                "measures"
            ],
            [
                "work",
                "datasets"
            ]
        ],
        "Triggers": [[
            "API User",
            "normalise"
        ]],
        "Text": {
            "Second UserStory": "#g05# as an api user, i want to be able to #normalise# #measures# by gini and related socioeconomic indexes, so that i #work# with #datasets# in reference to their #contextual constraints#.",
            "First UserStory": "#g05# as an api user, i want to be able to #normalise# #measures# by population, so that i #work# with #datasets# in reference to their #contextual constraints#."
        },
        "Conflicted Elements": 8,
        "Conflict Pair": "user_story_34_AND_user_story_37"
    },
    {
        "Entity": {
            "Primary Entity": ["measures"],
            "Secondary Entity": ["datasets"]
        },
        "Action": {
            "Secondary Action": ["work"],
            "Primary Action": ["normalise"]
        },
        "Part of Sentence": {
            "Second UserStory": [" so i #work# with #datasets# in reference to their #contextual constraints#."],
            "First UserStory": [" so that i #work# with #datasets# in reference to their #contextual constraints#."]
        },
        "Contains": [[
            "datasets",
            "contextual constraints"
        ]],
        "Targets": [
            [
                "work",
                "datasets"
            ],
            [
                "normalise",
                "measures"
            ]
        ],
        "Triggers": [[
            "API User",
            "normalise"
        ]],
        "Text": {
            "Second UserStory": "#g05# as an api user, i want to be able to #normalise# #measures# by gdp, so i #work# with #datasets# in reference to their #contextual constraints#.",
            "First UserStory": "#g05# as an api user, i want to be able to #normalise# #measures# by geographical area, so that i #work# with #datasets# in reference to their #contextual constraints#."
        },
        "Conflicted Elements": 8,
        "Conflict Pair": "user_story_35_AND_user_story_36"
    },
    {
        "Entity": {
            "Primary Entity": ["measures"],
            "Secondary Entity": ["datasets"]
        },
        "Action": {
            "Secondary Action": ["work"],
            "Primary Action": ["normalise"]
        },
        "Part of Sentence": {
            "Second UserStory": [" so that i #work# with #datasets# in reference to their #contextual constraints#."],
            "First UserStory": [" so that i #work# with #datasets# in reference to their #contextual constraints#."]
        },
        "Contains": [[
            "datasets",
            "contextual constraints"
        ]],
        "Targets": [
            [
                "work",
                "datasets"
            ],
            [
                "normalise",
                "measures"
            ]
        ],
        "Triggers": [[
            "API User",
            "normalise"
        ]],
        "Text": {
            "Second UserStory": "#g05# as an api user, i want to be able to #normalise# #measures# by gini and related socioeconomic indexes, so that i #work# with #datasets# in reference to their #contextual constraints#.",
            "First UserStory": "#g05# as an api user, i want to be able to #normalise# #measures# by geographical area, so that i #work# with #datasets# in reference to their #contextual constraints#."
        },
        "Conflicted Elements": 8,
        "Conflict Pair": "user_story_35_AND_user_story_37"
    },
    {
        "Entity": {
            "Primary Entity": ["measures"],
            "Secondary Entity": ["datasets"]
        },
        "Action": {
            "Secondary Action": ["work"],
            "Primary Action": ["normalise"]
        },
        "Part of Sentence": {
            "Second UserStory": [" so that i #work# with #datasets# in reference to their #contextual constraints#."],
            "First UserStory": [" so i #work# with #datasets# in reference to their #contextual constraints#."]
        },
        "Contains": [[
            "datasets",
            "contextual constraints"
        ]],
        "Targets": [
            [
                "normalise",
                "measures"
            ],
            [
                "work",
                "datasets"
            ]
        ],
        "Triggers": [[
            "API User",
            "normalise"
        ]],
        "Text": {
            "Second UserStory": "#g05# as an api user, i want to be able to #normalise# #measures# by gini and related socioeconomic indexes, so that i #work# with #datasets# in reference to their #contextual constraints#.",
            "First UserStory": "#g05# as an api user, i want to be able to #normalise# #measures# by gdp, so i #work# with #datasets# in reference to their #contextual constraints#."
        },
        "Conflicted Elements": 8,
        "Conflict Pair": "user_story_36_AND_user_story_37"
    }
]