[
    {
        "Entity": {"Secondary Entity": ["website"]},
        "Action": {"Secondary Action": ["conveniently use"]},
        "Part of Sentence": {
            "Second UserStory": [" so that i can more #conveniently use# the #website#."],
            "First UserStory": [" so that i can more #conveniently use# the #website#."]
        },
        "Targets": [[
            "conveniently use",
            "website"
        ]],
        "Text": {
            "Second UserStory": "#g04# as a user, i want to choose a flexible pick up time, so that i can more #conveniently use# the #website#.",
            "First UserStory": "#g04# as a user, i want to have a flexible pick up time, so that i can more #conveniently use# the #website#."
        },
        "Conflicted Elements": 3,
        "Conflict Pair": "user_story_05_AND_user_story_12"
    },
    {
        "Entity": {"Primary Entity": ["map display"]},
        "Action": {"Primary Action": ["view"]},
        "Part of Sentence": {
            "Second UserStory": [" i want to be able to #view# a #map display# of the special waste drop off sites around my #area#."],
            "First UserStory": [" i want to be able to #view# a #map display# of the public recycling bins around my #area#."]
        },
        "Contains": [[
            "map display",
            "area"
        ]],
        "Targets": [[
            "view",
            "map display"
        ]],
        "Triggers": [[
            "user",
            "view"
        ]],
        "Text": {
            "Second UserStory": "#g04# as a user, i want to be able to #view# a #map display# of the special waste drop off sites around my #area#.",
            "First UserStory": "#g04# as a user, i want to be able to #view# a #map display# of the public recycling bins around my #area#."
        },
        "Conflicted Elements": 5,
        "Conflict Pair": "user_story_09_AND_user_story_10"
    },
    {
        "Entity": {"Secondary Entity": ["sense"]},
        "Action": {"Secondary Action": ["have"]},
        "Part of Sentence": {
            "Second UserStory": [" so that i can #have# a #sense# of my company's performance."],
            "First UserStory": [" so that i can #have# a #sense# of what people are doing on our sites and know the service status."]
        },
        "Targets": [[
            "have",
            "sense"
        ]],
        "Text": {
            "Second UserStory": "#g04# as an executive, i want to #have# full access to data related to my company, so that i can #have# a #sense# of my company's performance.",
            "First UserStory": "#g04# as an admin, i want to view a dashboard that monitors all the sites' statuses, so that i can #have# a #sense# of what people are doing on our sites and know the service status."
        },
        "Conflicted Elements": 3,
        "Conflict Pair": "user_story_22_AND_user_story_24"
    },
    {
        "Entity": {"Primary Entity": ["access"]},
        "Action": {"Primary Action": ["have"]},
        "Part of Sentence": {
            "Second UserStory": [" i want to #have# #access# to user stats and schedules"],
            "First UserStory": [" i want to #have# #access# to the full information of all employees working for this business."]
        },
        "Targets": [[
            "have",
            "access"
        ]],
        "Text": {
            "Second UserStory": "#g04# as a recyclingfacility representative, i want to #have# #access# to user stats and schedules, so that i can adjust my hours and/or upgrade equipment and capacity in order to be able to accomodate larger amounts of recyclable materials.",
            "First UserStory": "#g04# as an employee from the hr department, i want to #have# #access# to the full information of all employees working for this business."
        },
        "Conflicted Elements": 3,
        "Conflict Pair": "user_story_26_AND_user_story_50"
    }
]