[
    {
        "Entity": {"Primary Entity": ["music"]},
        "Action": {"Primary Action": ["discover"]},
        "Part of Sentence": {
            "Second UserStory": [" i want to #search# and #discover# #music# based on my profile."],
            "First UserStory": [" i want to #search# and #discover# #music# using content identification or fingerprinting."]
        },
        "Targets": [
            [
                "search",
                "music"
            ],
            [
                "discover",
                "music"
            ]
        ],
        "Triggers": [
            [
                "user",
                "search"
            ],
            [
                "user",
                "discover"
            ]
        ],
        "Text": {
            "Second UserStory": "#g28# as a user, i want to #search# and #discover# #music# based on my profile.",
            "First UserStory": "#g28# as a user, i want to #search# and #discover# #music# using content identification or fingerprinting."
        },
        "Conflicted Elements": 7,
        "Conflict Pair": "user_story_01_AND_user_story_02"
    },
    {
        "Entity": {"Primary Entity": ["music"]},
        "Action": {"Primary Action": ["discover"]},
        "Part of Sentence": {
            "Second UserStory": [" i want to #search# and #discover# #music# based on other users similar to myself."],
            "First UserStory": [" i want to #search# and #discover# #music# using content identification or fingerprinting."]
        },
        "Targets": [
            [
                "search",
                "music"
            ],
            [
                "discover",
                "music"
            ]
        ],
        "Triggers": [
            [
                "user",
                "search"
            ],
            [
                "user",
                "discover"
            ]
        ],
        "Text": {
            "Second UserStory": "#g28# as a user, i want to #search# and #discover# #music# based on other users similar to myself.",
            "First UserStory": "#g28# as a user, i want to #search# and #discover# #music# using content identification or fingerprinting."
        },
        "Conflicted Elements": 7,
        "Conflict Pair": "user_story_01_AND_user_story_03"
    },
    {
        "Entity": {"Primary Entity": ["music"]},
        "Action": {"Primary Action": ["discover"]},
        "Part of Sentence": {
            "Second UserStory": [" i want to #search# and #discover# #music# or ringback tones similar to a given music video based on content similarity."],
            "First UserStory": [" i want to #search# and #discover# #music# using content identification or fingerprinting."]
        },
        "Targets": [
            [
                "search",
                "music"
            ],
            [
                "discover",
                "music"
            ]
        ],
        "Triggers": [
            [
                "user",
                "search"
            ],
            [
                "user",
                "discover"
            ]
        ],
        "Text": {
            "Second UserStory": "#g28# as a user, i want to #search# and #discover# #music# or ringback tones similar to a given music video based on content similarity.",
            "First UserStory": "#g28# as a user, i want to #search# and #discover# #music# using content identification or fingerprinting."
        },
        "Conflicted Elements": 7,
        "Conflict Pair": "user_story_01_AND_user_story_04"
    },
    {
        "Entity": {"Primary Entity": ["music"]},
        "Action": {"Primary Action": ["discover"]},
        "Part of Sentence": {
            "Second UserStory": [" i want to #search# and #discover# #music# by exploiting enriched metadata and image tags"],
            "First UserStory": [" i want to #search# and #discover# #music# using content identification or fingerprinting."]
        },
        "Targets": [
            [
                "search",
                "music"
            ],
            [
                "discover",
                "music"
            ]
        ],
        "Triggers": [
            [
                "user",
                "search"
            ],
            [
                "user",
                "discover"
            ]
        ],
        "Text": {
            "Second UserStory": "#g28# as a user, i want to #search# and #discover# #music# by exploiting enriched metadata and image tags, so that i find related artists, new genre, or other relevant listening path.",
            "First UserStory": "#g28# as a user, i want to #search# and #discover# #music# using content identification or fingerprinting."
        },
        "Conflicted Elements": 7,
        "Conflict Pair": "user_story_01_AND_user_story_05"
    },
    {
        "Entity": {"Primary Entity": ["music"]},
        "Action": {"Primary Action": ["discover"]},
        "Part of Sentence": {
            "Second UserStory": [" i want to #search# and #discover# #music# based on other users similar to myself."],
            "First UserStory": [" i want to #search# and #discover# #music# based on my profile."]
        },
        "Targets": [
            [
                "search",
                "music"
            ],
            [
                "discover",
                "music"
            ]
        ],
        "Triggers": [
            [
                "user",
                "search"
            ],
            [
                "user",
                "discover"
            ]
        ],
        "Text": {
            "Second UserStory": "#g28# as a user, i want to #search# and #discover# #music# based on other users similar to myself.",
            "First UserStory": "#g28# as a user, i want to #search# and #discover# #music# based on my profile."
        },
        "Conflicted Elements": 7,
        "Conflict Pair": "user_story_02_AND_user_story_03"
    },
    {
        "Entity": {"Primary Entity": ["music"]},
        "Action": {"Primary Action": ["discover"]},
        "Part of Sentence": {
            "Second UserStory": [" i want to #search# and #discover# #music# or ringback tones similar to a given music video based on content similarity."],
            "First UserStory": [" i want to #search# and #discover# #music# based on my profile."]
        },
        "Targets": [
            [
                "search",
                "music"
            ],
            [
                "discover",
                "music"
            ]
        ],
        "Triggers": [
            [
                "user",
                "search"
            ],
            [
                "user",
                "discover"
            ]
        ],
        "Text": {
            "Second UserStory": "#g28# as a user, i want to #search# and #discover# #music# or ringback tones similar to a given music video based on content similarity.",
            "First UserStory": "#g28# as a user, i want to #search# and #discover# #music# based on my profile."
        },
        "Conflicted Elements": 7,
        "Conflict Pair": "user_story_02_AND_user_story_04"
    },
    {
        "Entity": {"Primary Entity": ["music"]},
        "Action": {"Primary Action": ["discover"]},
        "Part of Sentence": {
            "Second UserStory": [" i want to #search# and #discover# #music# by exploiting enriched metadata and image tags"],
            "First UserStory": [" i want to #search# and #discover# #music# based on my profile."]
        },
        "Targets": [
            [
                "search",
                "music"
            ],
            [
                "discover",
                "music"
            ]
        ],
        "Triggers": [
            [
                "user",
                "search"
            ],
            [
                "user",
                "discover"
            ]
        ],
        "Text": {
            "Second UserStory": "#g28# as a user, i want to #search# and #discover# #music# by exploiting enriched metadata and image tags, so that i find related artists, new genre, or other relevant listening path.",
            "First UserStory": "#g28# as a user, i want to #search# and #discover# #music# based on my profile."
        },
        "Conflicted Elements": 7,
        "Conflict Pair": "user_story_02_AND_user_story_05"
    },
    {
        "Entity": {"Primary Entity": ["music"]},
        "Action": {"Primary Action": ["discover"]},
        "Part of Sentence": {
            "Second UserStory": [" i want to #search# and #discover# #music# or ringback tones similar to a given music video based on content similarity."],
            "First UserStory": [" i want to #search# and #discover# #music# based on other users similar to myself."]
        },
        "Targets": [
            [
                "discover",
                "music"
            ],
            [
                "search",
                "music"
            ]
        ],
        "Triggers": [
            [
                "user",
                "search"
            ],
            [
                "user",
                "discover"
            ]
        ],
        "Text": {
            "Second UserStory": "#g28# as a user, i want to #search# and #discover# #music# or ringback tones similar to a given music video based on content similarity.",
            "First UserStory": "#g28# as a user, i want to #search# and #discover# #music# based on other users similar to myself."
        },
        "Conflicted Elements": 7,
        "Conflict Pair": "user_story_03_AND_user_story_04"
    },
    {
        "Entity": {"Primary Entity": ["music"]},
        "Action": {"Primary Action": ["discover"]},
        "Part of Sentence": {
            "Second UserStory": [" i want to #search# and #discover# #music# by exploiting enriched metadata and image tags"],
            "First UserStory": [" i want to #search# and #discover# #music# based on other users similar to myself."]
        },
        "Targets": [
            [
                "discover",
                "music"
            ],
            [
                "search",
                "music"
            ]
        ],
        "Triggers": [
            [
                "user",
                "search"
            ],
            [
                "user",
                "discover"
            ]
        ],
        "Text": {
            "Second UserStory": "#g28# as a user, i want to #search# and #discover# #music# by exploiting enriched metadata and image tags, so that i find related artists, new genre, or other relevant listening path.",
            "First UserStory": "#g28# as a user, i want to #search# and #discover# #music# based on other users similar to myself."
        },
        "Conflicted Elements": 7,
        "Conflict Pair": "user_story_03_AND_user_story_05"
    },
    {
        "Entity": {"Primary Entity": ["music"]},
        "Action": {"Primary Action": ["discover"]},
        "Part of Sentence": {
            "Second UserStory": [" i want to #search# and #discover# #music# by exploiting enriched metadata and image tags"],
            "First UserStory": [" i want to #search# and #discover# #music# or ringback tones similar to a given music video based on content similarity."]
        },
        "Targets": [
            [
                "discover",
                "music"
            ],
            [
                "search",
                "music"
            ]
        ],
        "Triggers": [
            [
                "user",
                "search"
            ],
            [
                "user",
                "discover"
            ]
        ],
        "Text": {
            "Second UserStory": "#g28# as a user, i want to #search# and #discover# #music# by exploiting enriched metadata and image tags, so that i find related artists, new genre, or other relevant listening path.",
            "First UserStory": "#g28# as a user, i want to #search# and #discover# #music# or ringback tones similar to a given music video based on content similarity."
        },
        "Conflicted Elements": 7,
        "Conflict Pair": "user_story_04_AND_user_story_05"
    },
    {
        "Entity": {"Primary Entity": ["info"]},
        "Action": {"Primary Action": ["get"]},
        "Part of Sentence": {
            "Second UserStory": [" i want to #get# #info# about perceptually similar video items and #segments#."],
            "First UserStory": [" i want to #get# #info# about similar video items and #segments#."]
        },
        "Contains": [[
            "segments",
            "info"
        ]],
        "Targets": [[
            "get",
            "info"
        ]],
        "Triggers": [[
            "user",
            "get"
        ]],
        "Text": {
            "Second UserStory": "#g28# as a user, i want to #get# #info# about perceptually similar video items and #segments#.",
            "First UserStory": "#g28# as a user, i want to #get# #info# about similar video items and #segments#."
        },
        "Conflicted Elements": 5,
        "Conflict Pair": "user_story_08_AND_user_story_09"
    },
    {
        "Entity": {"Primary Entity": ["content recommendations"]},
        "Action": {"Primary Action": ["receive"]},
        "Part of Sentence": {
            "Second UserStory": [" i want to #receive# #content recommendations# based on most relevant news events in my area."],
            "First UserStory": [" i want to #receive# #content recommendations# from similar profiles."]
        },
        "Targets": [[
            "receive",
            "content recommendations"
        ]],
        "Triggers": [[
            "user",
            "receive"
        ]],
        "Text": {
            "Second UserStory": "#g28# as a user, i want to #receive# #content recommendations# based on most relevant news events in my area.",
            "First UserStory": "#g28# as a user, i want to #receive# #content recommendations# from similar profiles."
        },
        "Conflicted Elements": 4,
        "Conflict Pair": "user_story_10_AND_user_story_11"
    },
    {
        "Entity": {"Primary Entity": ["related information"]},
        "Action": {"Primary Action": ["receive"]},
        "Part of Sentence": {
            "Second UserStory": [" and #receive# #related information# about them."],
            "First UserStory": [" and #receive# #related information# about them."]
        },
        "Targets": [[
            "receive",
            "related information"
        ]],
        "Triggers": [
            [
                "user",
                "identify"
            ],
            [
                "user",
                "receive"
            ]
        ],
        "Text": {
            "Second UserStory": "#g28# as a user, i want to identify products in videos, and #receive# #related information# about them.",
            "First UserStory": "#g28# as a user, i want to identify persons in videos, and #receive# #related information# about them."
        },
        "Conflicted Elements": 5,
        "Conflict Pair": "user_story_12_AND_user_story_13"
    },
    {
        "Entity": {"Primary Entity": ["related information"]},
        "Action": {"Primary Action": ["receive"]},
        "Part of Sentence": {
            "Second UserStory": [" and #receive# #related information# about them."],
            "First UserStory": [" and #receive# #related information# about them."]
        },
        "Targets": [[
            "receive",
            "related information"
        ]],
        "Triggers": [
            [
                "user",
                "identify"
            ],
            [
                "user",
                "receive"
            ]
        ],
        "Text": {
            "Second UserStory": "#g28# as a user, i want to identify broadcaster logos in videos, and #receive# #related information# about them.",
            "First UserStory": "#g28# as a user, i want to identify persons in videos, and #receive# #related information# about them."
        },
        "Conflicted Elements": 5,
        "Conflict Pair": "user_story_12_AND_user_story_14"
    },
    {
        "Entity": {"Primary Entity": ["related information"]},
        "Action": {"Primary Action": ["receive"]},
        "Part of Sentence": {
            "Second UserStory": [" and #receive# #related information# about them."],
            "First UserStory": [" and #receive# #related information# about them."]
        },
        "Targets": [[
            "receive",
            "related information"
        ]],
        "Triggers": [
            [
                "user",
                "identify"
            ],
            [
                "user",
                "receive"
            ]
        ],
        "Text": {
            "Second UserStory": "#g28# as a user, i want to identify brands in videos, and #receive# #related information# about them.",
            "First UserStory": "#g28# as a user, i want to identify persons in videos, and #receive# #related information# about them."
        },
        "Conflicted Elements": 5,
        "Conflict Pair": "user_story_12_AND_user_story_15"
    },
    {
        "Entity": {"Primary Entity": ["related information"]},
        "Action": {"Primary Action": ["receive"]},
        "Part of Sentence": {
            "Second UserStory": [" and #receive# #related information# about them."],
            "First UserStory": [" and #receive# #related information# about them."]
        },
        "Targets": [[
            "receive",
            "related information"
        ]],
        "Triggers": [
            [
                "user",
                "identify"
            ],
            [
                "user",
                "receive"
            ]
        ],
        "Text": {
            "Second UserStory": "#g28# as a user, i want to identify broadcaster logos in videos, and #receive# #related information# about them.",
            "First UserStory": "#g28# as a user, i want to identify products in videos, and #receive# #related information# about them."
        },
        "Conflicted Elements": 5,
        "Conflict Pair": "user_story_13_AND_user_story_14"
    },
    {
        "Entity": {"Primary Entity": ["related information"]},
        "Action": {"Primary Action": ["receive"]},
        "Part of Sentence": {
            "Second UserStory": [" and #receive# #related information# about them."],
            "First UserStory": [" and #receive# #related information# about them."]
        },
        "Targets": [[
            "receive",
            "related information"
        ]],
        "Triggers": [
            [
                "user",
                "identify"
            ],
            [
                "user",
                "receive"
            ]
        ],
        "Text": {
            "Second UserStory": "#g28# as a user, i want to identify brands in videos, and #receive# #related information# about them.",
            "First UserStory": "#g28# as a user, i want to identify products in videos, and #receive# #related information# about them."
        },
        "Conflicted Elements": 5,
        "Conflict Pair": "user_story_13_AND_user_story_15"
    },
    {
        "Entity": {"Primary Entity": ["related information"]},
        "Action": {"Primary Action": ["receive"]},
        "Part of Sentence": {
            "Second UserStory": [" and #receive# #related information# about them."],
            "First UserStory": [" and #receive# #related information# about them."]
        },
        "Targets": [[
            "receive",
            "related information"
        ]],
        "Triggers": [
            [
                "user",
                "identify"
            ],
            [
                "user",
                "receive"
            ]
        ],
        "Text": {
            "Second UserStory": "#g28# as a user, i want to identify brands in videos, and #receive# #related information# about them.",
            "First UserStory": "#g28# as a user, i want to identify broadcaster logos in videos, and #receive# #related information# about them."
        },
        "Conflicted Elements": 5,
        "Conflict Pair": "user_story_14_AND_user_story_15"
    },
    {
        "Entity": {
            "Primary Entity": ["content"],
            "Secondary Entity": ["search"]
        },
        "Action": {
            "Secondary Action": ["using"],
            "Primary Action": ["prefilter"]
        },
        "Part of Sentence": {
            "Second UserStory": [" i want to #prefilter# the #content# #using# #search# on high-level asset information such as metadata and tags either recognized by the system of provided by the user."],
            "First UserStory": [" i want to #prefilter# #content# #using# #search# based on low-level asset information."]
        },
        "Targets": [
            [
                "prefilter",
                "content"
            ],
            [
                "using",
                "search"
            ]
        ],
        "Triggers": [[
            "admin",
            "prefilter"
        ]],
        "Text": {
            "Second UserStory": "#g28# as an admin, i want to #prefilter# the #content# #using# #search# on high-level asset information such as metadata and tags either recognized by the system of provided by the user.",
            "First UserStory": "#g28# as an admin, i want to #prefilter# #content# #using# #search# based on low-level asset information."
        },
        "Conflicted Elements": 7,
        "Conflict Pair": "user_story_24_AND_user_story_26"
    },
    {
        "Entity": {"Secondary Entity": ["volunteer"]},
        "Action": {"Secondary Action": ["interrupt"]},
        "Part of Sentence": {
            "Second UserStory": [" i want to know whether i should #interrupt# a #volunteer# with text"],
            "First UserStory": [" i want to know when i should #interrupt# a #volunteer#."]
        },
        "Targets": [[
            "interrupt",
            "volunteer"
        ]],
        "Triggers": [[
            "Zooniverse admin",
            "know"
        ]],
        "Text": {
            "Second UserStory": "#g28# as a zooniverse admin, i want to know whether i should #interrupt# a #volunteer# with text, an image, or a video.",
            "First UserStory": "#g28# as a zooniverse admin, i want to know when i should #interrupt# a #volunteer#."
        },
        "Conflicted Elements": 4,
        "Conflict Pair": "user_story_49_AND_user_story_50"
    },
    {
        "Entity": {"Primary Entity": ["when"]},
        "Action": {"Primary Action": ["know"]},
        "Part of Sentence": {
            "Second UserStory": [" i want to #know# #when# i should educate a volunteer."],
            "First UserStory": [" i want to #know# #when# i should interrupt a volunteer."]
        },
        "Targets": [[
            "know",
            "when"
        ]],
        "Triggers": [[
            "Zooniverse admin",
            "know"
        ]],
        "Text": {
            "Second UserStory": "#g28# as a zooniverse admin, i want to #know# #when# i should educate a volunteer.",
            "First UserStory": "#g28# as a zooniverse admin, i want to #know# #when# i should interrupt a volunteer."
        },
        "Conflicted Elements": 4,
        "Conflict Pair": "user_story_49_AND_user_story_51"
    },
    {
        "Entity": {"Primary Entity": ["when"]},
        "Action": {"Primary Action": ["know"]},
        "Part of Sentence": {
            "Second UserStory": [" i want to #know# #when# a volunteer has made an interesting comment on a subject."],
            "First UserStory": [" i want to #know# #when# i should interrupt a volunteer."]
        },
        "Targets": [[
            "know",
            "when"
        ]],
        "Triggers": [[
            "Zooniverse admin",
            "know"
        ]],
        "Text": {
            "Second UserStory": "#g28# as a zooniverse admin, i want to #know# #when# a volunteer has made an interesting comment on a subject.",
            "First UserStory": "#g28# as a zooniverse admin, i want to #know# #when# i should interrupt a volunteer."
        },
        "Conflicted Elements": 4,
        "Conflict Pair": "user_story_49_AND_user_story_54"
    },
    {
        "Entity": {"Primary Entity": ["when"]},
        "Action": {"Primary Action": ["know"]},
        "Part of Sentence": {
            "Second UserStory": [" i want to #know# #when# zoonibot should comment on a subject."],
            "First UserStory": [" i want to #know# #when# i should interrupt a volunteer."]
        },
        "Targets": [[
            "know",
            "when"
        ]],
        "Triggers": [[
            "Zooniverse admin",
            "know"
        ]],
        "Text": {
            "Second UserStory": "#g28# as a zooniverse admin, i want to #know# #when# zoonibot should comment on a subject.",
            "First UserStory": "#g28# as a zooniverse admin, i want to #know# #when# i should interrupt a volunteer."
        },
        "Conflicted Elements": 4,
        "Conflict Pair": "user_story_49_AND_user_story_55"
    },
    {
        "Entity": {"Primary Entity": ["when"]},
        "Action": {"Primary Action": ["know"]},
        "Part of Sentence": {
            "Second UserStory": [" i want to #know# #when# zoonibot should give an explanation."],
            "First UserStory": [" i want to #know# #when# i should interrupt a volunteer."]
        },
        "Targets": [[
            "know",
            "when"
        ]],
        "Triggers": [[
            "Zooniverse admin",
            "know"
        ]],
        "Text": {
            "Second UserStory": "#g28# as a zooniverse admin, i want to #know# #when# zoonibot should give an explanation.",
            "First UserStory": "#g28# as a zooniverse admin, i want to #know# #when# i should interrupt a volunteer."
        },
        "Conflicted Elements": 4,
        "Conflict Pair": "user_story_49_AND_user_story_56"
    },
    {
        "Entity": {"Secondary Entity": ["volunteer"]},
        "Action": {"Secondary Action": ["educate"]},
        "Part of Sentence": {
            "Second UserStory": [" i want to know whether i should #educate# a #volunteer# with text"],
            "First UserStory": [" i want to know when i should #educate# a #volunteer#."]
        },
        "Targets": [[
            "educate",
            "volunteer"
        ]],
        "Triggers": [[
            "Zooniverse admin",
            "know"
        ]],
        "Text": {
            "Second UserStory": "#g28# as a zooniverse admin, i want to know whether i should #educate# a #volunteer# with text, an image, or a video.",
            "First UserStory": "#g28# as a zooniverse admin, i want to know when i should #educate# a #volunteer#."
        },
        "Conflicted Elements": 4,
        "Conflict Pair": "user_story_51_AND_user_story_52"
    },
    {
        "Entity": {"Primary Entity": ["when"]},
        "Action": {"Primary Action": ["know"]},
        "Part of Sentence": {
            "Second UserStory": [" i want to #know# #when# a volunteer has made an interesting comment on a subject."],
            "First UserStory": [" i want to #know# #when# i should educate a volunteer."]
        },
        "Targets": [[
            "know",
            "when"
        ]],
        "Triggers": [[
            "Zooniverse admin",
            "know"
        ]],
        "Text": {
            "Second UserStory": "#g28# as a zooniverse admin, i want to #know# #when# a volunteer has made an interesting comment on a subject.",
            "First UserStory": "#g28# as a zooniverse admin, i want to #know# #when# i should educate a volunteer."
        },
        "Conflicted Elements": 4,
        "Conflict Pair": "user_story_51_AND_user_story_54"
    },
    {
        "Entity": {"Primary Entity": ["when"]},
        "Action": {"Primary Action": ["know"]},
        "Part of Sentence": {
            "Second UserStory": [" i want to #know# #when# zoonibot should comment on a subject."],
            "First UserStory": [" i want to #know# #when# i should educate a volunteer."]
        },
        "Targets": [[
            "know",
            "when"
        ]],
        "Triggers": [[
            "Zooniverse admin",
            "know"
        ]],
        "Text": {
            "Second UserStory": "#g28# as a zooniverse admin, i want to #know# #when# zoonibot should comment on a subject.",
            "First UserStory": "#g28# as a zooniverse admin, i want to #know# #when# i should educate a volunteer."
        },
        "Conflicted Elements": 4,
        "Conflict Pair": "user_story_51_AND_user_story_55"
    },
    {
        "Entity": {"Primary Entity": ["when"]},
        "Action": {"Primary Action": ["know"]},
        "Part of Sentence": {
            "Second UserStory": [" i want to #know# #when# zoonibot should give an explanation."],
            "First UserStory": [" i want to #know# #when# i should educate a volunteer."]
        },
        "Targets": [[
            "know",
            "when"
        ]],
        "Triggers": [[
            "Zooniverse admin",
            "know"
        ]],
        "Text": {
            "Second UserStory": "#g28# as a zooniverse admin, i want to #know# #when# zoonibot should give an explanation.",
            "First UserStory": "#g28# as a zooniverse admin, i want to #know# #when# i should educate a volunteer."
        },
        "Conflicted Elements": 4,
        "Conflict Pair": "user_story_51_AND_user_story_56"
    },
    {
        "Entity": {"Primary Entity": ["when"]},
        "Action": {"Primary Action": ["know"]},
        "Part of Sentence": {
            "Second UserStory": [" i want to #know# #when# zoonibot should comment on a subject."],
            "First UserStory": [" i want to #know# #when# a volunteer has made an interesting comment on a subject."]
        },
        "Targets": [[
            "know",
            "when"
        ]],
        "Triggers": [[
            "Zooniverse admin",
            "know"
        ]],
        "Text": {
            "Second UserStory": "#g28# as a zooniverse admin, i want to #know# #when# zoonibot should comment on a subject.",
            "First UserStory": "#g28# as a zooniverse admin, i want to #know# #when# a volunteer has made an interesting comment on a subject."
        },
        "Conflicted Elements": 4,
        "Conflict Pair": "user_story_54_AND_user_story_55"
    },
    {
        "Entity": {"Primary Entity": ["when"]},
        "Action": {"Primary Action": ["know"]},
        "Part of Sentence": {
            "Second UserStory": [" i want to #know# #when# zoonibot should give an explanation."],
            "First UserStory": [" i want to #know# #when# a volunteer has made an interesting comment on a subject."]
        },
        "Targets": [[
            "know",
            "when"
        ]],
        "Triggers": [[
            "Zooniverse admin",
            "know"
        ]],
        "Text": {
            "Second UserStory": "#g28# as a zooniverse admin, i want to #know# #when# zoonibot should give an explanation.",
            "First UserStory": "#g28# as a zooniverse admin, i want to #know# #when# a volunteer has made an interesting comment on a subject."
        },
        "Conflicted Elements": 4,
        "Conflict Pair": "user_story_54_AND_user_story_56"
    },
    {
        "Entity": {"Primary Entity": ["when"]},
        "Action": {"Primary Action": ["know"]},
        "Part of Sentence": {
            "Second UserStory": [" i want to #know# #when# zoonibot should give an explanation."],
            "First UserStory": [" i want to #know# #when# zoonibot should comment on a subject."]
        },
        "Targets": [[
            "know",
            "when"
        ]],
        "Triggers": [[
            "Zooniverse admin",
            "know"
        ]],
        "Text": {
            "Second UserStory": "#g28# as a zooniverse admin, i want to #know# #when# zoonibot should give an explanation.",
            "First UserStory": "#g28# as a zooniverse admin, i want to #know# #when# zoonibot should comment on a subject."
        },
        "Conflicted Elements": 4,
        "Conflict Pair": "user_story_55_AND_user_story_56"
    }
]