[
    {
        "Entity": {"Secondary Entity": ["data"]},
        "Action": {"Secondary Action": ["stored"]},
        "Part of Sentence": {
            "Second UserStory": [" i want to know how many #data# will be #stored#"],
            "First UserStory": [" i want to indicate where my #data# will be #stored# during the project and where after the project"]
        },
        "Targets": [[
            "stored",
            "data"
        ]],
        "Text": {
            "Second UserStory": "#g22# as a rector, i want to know how many #data# will be #stored#, so that i can plan long term resources.",
            "First UserStory": "#g22# as a researcher, i want to indicate where my #data# will be #stored# during the project and where after the project, so that it remains accessible during all stages of the #data# lifecycle."
        },
        "Conflicted Elements": 3,
        "Conflict Pair": "user_story_02_AND_user_story_30"
    },
    {
        "Entity": {"Secondary Entity": ["data"]},
        "Action": {"Secondary Action": ["stored"]},
        "Part of Sentence": {
            "Second UserStory": [" so that i can determine whether and how the #data# has to be #stored#."],
            "First UserStory": [" i want to indicate where my #data# will be #stored# during the project and where after the project"]
        },
        "Targets": [[
            "stored",
            "data"
        ]],
        "Text": {
            "Second UserStory": "#g22# as a data manager, i want to know whether the #data# can be reproduced efficiently, so that i can determine whether and how the #data# has to be #stored#.",
            "First UserStory": "#g22# as a researcher, i want to indicate where my #data# will be #stored# during the project and where after the project, so that it remains accessible during all stages of the #data# lifecycle."
        },
        "Conflicted Elements": 3,
        "Conflict Pair": "user_story_02_AND_user_story_66"
    },
    {
        "Entity": {
            "Primary Entity": ["how"],
            "Secondary Entity": ["data"]
        },
        "Action": {
            "Secondary Action": ["used"],
            "Primary Action": ["know"]
        },
        "Part of Sentence": {
            "Second UserStory": [" i want to #know# #how# the #data# is #used#"],
            "First UserStory": [" i want to #know# #how# the #data# is #used#"]
        },
        "Targets": [
            [
                "know",
                "how"
            ],
            [
                "used",
                "data"
            ]
        ],
        "Text": {
            "Second UserStory": "#g22# as an it staff member, i want to #know# #how# the #data# is #used#, so that i can determine what kind of basic services and functionalities are required.",
            "First UserStory": "#g22# as a data manager, i want to #know# #how# the #data# is #used#, so that i can develop more detailed usage and support scenarios with researchers."
        },
        "Conflicted Elements": 6,
        "Conflict Pair": "user_story_04_AND_user_story_60"
    },
    {
        "Entity": {"Secondary Entity": ["data"]},
        "Action": {"Secondary Action": ["used"]},
        "Part of Sentence": {
            "Second UserStory": [" i want to know with which software or technology the #data# is produced or #used#"],
            "First UserStory": [" i want to know how the #data# is #used#"]
        },
        "Targets": [[
            "used",
            "data"
        ]],
        "Text": {
            "Second UserStory": "#g22# as an it staff member, i want to know with which software or technology the #data# is produced or #used#, so that i can determine what kind of technical services and functionalities are required.",
            "First UserStory": "#g22# as a data manager, i want to know how the #data# is #used#, so that i can develop more detailed usage and support scenarios with researchers."
        },
        "Conflicted Elements": 3,
        "Conflict Pair": "user_story_04_AND_user_story_63"
    },
    {
        "Entity": {"Secondary Entity": ["data"]},
        "Action": {"Secondary Action": ["used"]},
        "Part of Sentence": {
            "Second UserStory": [" i want to know with which software or technology the #data# is produced or #used#"],
            "First UserStory": [" i want to know how the #data# is #used#"]
        },
        "Targets": [[
            "used",
            "data"
        ]],
        "Triggers": [[
            "data manager",
            "know"
        ]],
        "Text": {
            "Second UserStory": "#g22# as a data manager, i want to know with which software or technology the #data# is produced or #used#, so that i know what technology or background information might be necessary to (re-)use the #data#.",
            "First UserStory": "#g22# as a data manager, i want to know how the #data# is #used#, so that i can develop more detailed usage and support scenarios with researchers."
        },
        "Conflicted Elements": 4,
        "Conflict Pair": "user_story_04_AND_user_story_67"
    },
    {
        "Entity": {"Primary Entity": ["content"]},
        "Action": {"Primary Action": ["know"]},
        "Part of Sentence": {
            "Second UserStory": [" i want to #know# what the #content# of the #data# is"],
            "First UserStory": [" i want to #know# what the #content# of the #data# is"]
        },
        "Contains": [[
            "data",
            "content"
        ]],
        "Targets": [[
            "know",
            "content"
        ]],
        "Triggers": [[
            "data manager",
            "know"
        ]],
        "Text": {
            "Second UserStory": "#g22# as a data manager, i want to #know# what the #content# of the #data# is, so that i can check whether the necessary expertise for maintaining intellectual reusability is available.",
            "First UserStory": "#g22# as a data manager, i want to #know# what the #content# of the #data# is, so that i can decide to which collection or repository the data fits."
        },
        "Conflicted Elements": 5,
        "Conflict Pair": "user_story_11_AND_user_story_22"
    },
    {
        "Entity": {
            "Primary Entity": ["kind of data types"],
            "Secondary Entity": ["basic support services"]
        },
        "Action": {
            "Secondary Action": ["determine"],
            "Primary Action": ["know"]
        },
        "Part of Sentence": {
            "Second UserStory": [" so that i can #determine# what #basic support services# and #functionalities# are required."],
            "First UserStory": [" so that i can #determine# what #basic support services# and #functionalities# are required."]
        },
        "Targets": [
            [
                "know",
                "kind of data types"
            ],
            [
                "produced",
                "kind of data types"
            ],
            [
                "collected",
                "kind of data types"
            ],
            [
                "determine",
                "basic support services"
            ],
            [
                "determine",
                "functionalities"
            ]
        ],
        "Text": {
            "Second UserStory": "#g22# as an it staff member, i want to #know# which #kind of data types# will be #produced# or #collected#, so that i can #determine# what #basic support services# and #functionalities# are required.",
            "First UserStory": "#g22# as a data manager, i want to #know# which #kind of data types# will be #produced# or #collected#, so that i can #determine# what #basic support services# and #functionalities# are required."
        },
        "Conflicted Elements": 12,
        "Conflict Pair": "user_story_18_AND_user_story_19"
    },
    {
        "Entity": {"Primary Entity": ["kind of data types"]},
        "Action": {
            "Secondary Action": ["produced"],
            "Primary Action": ["know"]
        },
        "Part of Sentence": {
            "Second UserStory": [" i want to #know# which #kind of data types# will be #produced# or #collected#"],
            "First UserStory": [" i want to #know# which #kind of data types# will be #produced# or #collected#"]
        },
        "Targets": [
            [
                "know",
                "kind of data types"
            ],
            [
                "produced",
                "kind of data types"
            ],
            [
                "collected",
                "kind of data types"
            ]
        ],
        "Triggers": [[
            "data manager",
            "know"
        ]],
        "Text": {
            "Second UserStory": "#g22# as a data manager, i want to #know# which #kind of data types# will be #produced# or #collected#, so that i can ensure that the necessary technical resources and technical know-how is available.",
            "First UserStory": "#g22# as a data manager, i want to #know# which #kind of data types# will be #produced# or #collected#, so that i can determine what basic support services and functionalities are required."
        },
        "Conflicted Elements": 8,
        "Conflict Pair": "user_story_18_AND_user_story_58"
    },
    {
        "Entity": {"Primary Entity": ["kind of data types"]},
        "Action": {
            "Secondary Action": ["collected"],
            "Primary Action": ["know"]
        },
        "Part of Sentence": {
            "Second UserStory": [" i want to #know# which #kind of data types# will be #produced# or #collected#"],
            "First UserStory": [" i want to #know# which #kind of data types# will be #produced# or #collected#"]
        },
        "Targets": [
            [
                "know",
                "kind of data types"
            ],
            [
                "produced",
                "kind of data types"
            ],
            [
                "collected",
                "kind of data types"
            ]
        ],
        "Text": {
            "Second UserStory": "#g22# as an it staff member, i want to #know# which #kind of data types# will be #produced# or #collected#, so that i can ensure that the necessary technical resources and technical know-how is available.",
            "First UserStory": "#g22# as a data manager, i want to #know# which #kind of data types# will be #produced# or #collected#, so that i can determine what basic support services and functionalities are required."
        },
        "Conflicted Elements": 7,
        "Conflict Pair": "user_story_18_AND_user_story_59"
    },
    {
        "Entity": {"Secondary Entity": ["functionalities"]},
        "Action": {"Secondary Action": ["determine"]},
        "Part of Sentence": {
            "Second UserStory": [" so that i can #determine# what kind of basic services and #functionalities# are required."],
            "First UserStory": [" so that i can #determine# what basic support services and #functionalities# are required."]
        },
        "Targets": [[
            "determine",
            "functionalities"
        ]],
        "Text": {
            "Second UserStory": "#g22# as an it staff member, i want to know how the data is used, so that i can #determine# what kind of basic services and #functionalities# are required.",
            "First UserStory": "#g22# as a data manager, i want to know which kind of data types will be produced or collected, so that i can #determine# what basic support services and #functionalities# are required."
        },
        "Conflicted Elements": 3,
        "Conflict Pair": "user_story_18_AND_user_story_60"
    },
    {
        "Entity": {"Secondary Entity": ["functionalities"]},
        "Action": {"Secondary Action": ["determine"]},
        "Part of Sentence": {
            "Second UserStory": [" so that i can #determine# what kind of technical services and #functionalities# are required."],
            "First UserStory": [" so that i can #determine# what basic support services and #functionalities# are required."]
        },
        "Targets": [[
            "determine",
            "functionalities"
        ]],
        "Text": {
            "Second UserStory": "#g22# as an it staff member, i want to know which formats are used, so that i can #determine# what kind of technical services and #functionalities# are required.",
            "First UserStory": "#g22# as a data manager, i want to know which kind of data types will be produced or collected, so that i can #determine# what basic support services and #functionalities# are required."
        },
        "Conflicted Elements": 3,
        "Conflict Pair": "user_story_18_AND_user_story_62"
    },
    {
        "Entity": {"Secondary Entity": ["functionalities"]},
        "Action": {"Secondary Action": ["determine"]},
        "Part of Sentence": {
            "Second UserStory": [" so that i can #determine# what kind of technical services and #functionalities# are required."],
            "First UserStory": [" so that i can #determine# what basic support services and #functionalities# are required."]
        },
        "Targets": [[
            "determine",
            "functionalities"
        ]],
        "Text": {
            "Second UserStory": "#g22# as an it staff member, i want to know with which software or technology the data is produced or used, so that i can #determine# what kind of technical services and #functionalities# are required.",
            "First UserStory": "#g22# as a data manager, i want to know which kind of data types will be produced or collected, so that i can #determine# what basic support services and #functionalities# are required."
        },
        "Conflicted Elements": 3,
        "Conflict Pair": "user_story_18_AND_user_story_63"
    },
    {
        "Entity": {"Primary Entity": ["kind of data types"]},
        "Action": {
            "Secondary Action": ["produced"],
            "Primary Action": ["know"]
        },
        "Part of Sentence": {
            "Second UserStory": [" i want to #know# which #kind of data types# will be #produced# or #collected#"],
            "First UserStory": [" i want to #know# which #kind of data types# will be #produced# or #collected#"]
        },
        "Targets": [
            [
                "know",
                "kind of data types"
            ],
            [
                "produced",
                "kind of data types"
            ],
            [
                "collected",
                "kind of data types"
            ]
        ],
        "Text": {
            "Second UserStory": "#g22# as a data manager, i want to #know# which #kind of data types# will be #produced# or #collected#, so that i can ensure that the necessary technical resources and technical know-how is available.",
            "First UserStory": "#g22# as an it staff member, i want to #know# which #kind of data types# will be #produced# or #collected#, so that i can determine what basic support services and functionalities are required."
        },
        "Conflicted Elements": 7,
        "Conflict Pair": "user_story_19_AND_user_story_58"
    },
    {
        "Entity": {"Primary Entity": ["kind of data types"]},
        "Action": {
            "Secondary Action": ["collected"],
            "Primary Action": ["know"]
        },
        "Part of Sentence": {
            "Second UserStory": [" i want to #know# which #kind of data types# will be #produced# or #collected#"],
            "First UserStory": [" i want to #know# which #kind of data types# will be #produced# or #collected#"]
        },
        "Targets": [
            [
                "know",
                "kind of data types"
            ],
            [
                "produced",
                "kind of data types"
            ],
            [
                "collected",
                "kind of data types"
            ]
        ],
        "Triggers": [[
            "IT staff member",
            "know"
        ]],
        "Text": {
            "Second UserStory": "#g22# as an it staff member, i want to #know# which #kind of data types# will be #produced# or #collected#, so that i can ensure that the necessary technical resources and technical know-how is available.",
            "First UserStory": "#g22# as an it staff member, i want to #know# which #kind of data types# will be #produced# or #collected#, so that i can determine what basic support services and functionalities are required."
        },
        "Conflicted Elements": 8,
        "Conflict Pair": "user_story_19_AND_user_story_59"
    },
    {
        "Entity": {"Secondary Entity": ["functionalities"]},
        "Action": {"Secondary Action": ["determine"]},
        "Part of Sentence": {
            "Second UserStory": [" so that i can #determine# what kind of basic services and #functionalities# are required."],
            "First UserStory": [" so that i can #determine# what basic support services and #functionalities# are required."]
        },
        "Targets": [[
            "determine",
            "functionalities"
        ]],
        "Triggers": [[
            "IT staff member",
            "know"
        ]],
        "Text": {
            "Second UserStory": "#g22# as an it staff member, i want to know how the data is used, so that i can #determine# what kind of basic services and #functionalities# are required.",
            "First UserStory": "#g22# as an it staff member, i want to know which kind of data types will be produced or collected, so that i can #determine# what basic support services and #functionalities# are required."
        },
        "Conflicted Elements": 4,
        "Conflict Pair": "user_story_19_AND_user_story_60"
    },
    {
        "Entity": {"Secondary Entity": ["functionalities"]},
        "Action": {"Secondary Action": ["determine"]},
        "Part of Sentence": {
            "Second UserStory": [" so that i can #determine# what kind of technical services and #functionalities# are required."],
            "First UserStory": [" so that i can #determine# what basic support services and #functionalities# are required."]
        },
        "Targets": [[
            "determine",
            "functionalities"
        ]],
        "Triggers": [[
            "IT staff member",
            "know"
        ]],
        "Text": {
            "Second UserStory": "#g22# as an it staff member, i want to know which formats are used, so that i can #determine# what kind of technical services and #functionalities# are required.",
            "First UserStory": "#g22# as an it staff member, i want to know which kind of data types will be produced or collected, so that i can #determine# what basic support services and #functionalities# are required."
        },
        "Conflicted Elements": 4,
        "Conflict Pair": "user_story_19_AND_user_story_62"
    },
    {
        "Entity": {"Secondary Entity": ["functionalities"]},
        "Action": {"Secondary Action": ["determine"]},
        "Part of Sentence": {
            "Second UserStory": [" so that i can #determine# what kind of technical services and #functionalities# are required."],
            "First UserStory": [" so that i can #determine# what basic support services and #functionalities# are required."]
        },
        "Targets": [[
            "determine",
            "functionalities"
        ]],
        "Triggers": [[
            "IT staff member",
            "know"
        ]],
        "Text": {
            "Second UserStory": "#g22# as an it staff member, i want to know with which software or technology the data is produced or used, so that i can #determine# what kind of technical services and #functionalities# are required.",
            "First UserStory": "#g22# as an it staff member, i want to know which kind of data types will be produced or collected, so that i can #determine# what basic support services and #functionalities# are required."
        },
        "Conflicted Elements": 4,
        "Conflict Pair": "user_story_19_AND_user_story_63"
    },
    {
        "Entity": {"Primary Entity": ["references"]},
        "Action": {"Primary Action": ["have"]},
        "Part of Sentence": {
            "Second UserStory": [" i want to #have# #references# to documentation of the data and its creation process"],
            "First UserStory": [" i want to #have# #references# to the project proposal"]
        },
        "Targets": [[
            "have",
            "references"
        ]],
        "Text": {
            "Second UserStory": "#g22# as a data manager, i want to #have# #references# to documentation of the data and its creation process, so that the data can be re-used and managed.",
            "First UserStory": "#g22# as a stakeholder, i want to #have# #references# to the project proposal, so that i can look up further general information."
        },
        "Conflicted Elements": 3,
        "Conflict Pair": "user_story_28_AND_user_story_56"
    },
    {
        "Entity": {"Primary Entity": ["how many"]},
        "Action": {"Primary Action": ["know"]},
        "Part of Sentence": {
            "Second UserStory": [" i want to #know# #how many# resources are needed during the project"],
            "First UserStory": [" i want to #know# #how many# data will be stored"]
        },
        "Targets": [[
            "know",
            "how many"
        ]],
        "Text": {
            "Second UserStory": "#g22# as a researcher, i want to #know# #how many# resources are needed during the project, so that i can calculate costs.",
            "First UserStory": "#g22# as a rector, i want to #know# #how many# data will be stored, so that i can plan long term resources."
        },
        "Conflicted Elements": 3,
        "Conflict Pair": "user_story_30_AND_user_story_35"
    },
    {
        "Entity": {"Secondary Entity": ["data"]},
        "Action": {"Secondary Action": ["stored"]},
        "Part of Sentence": {
            "Second UserStory": [" so that i can determine whether and how the #data# has to be #stored#."],
            "First UserStory": [" i want to know how many #data# will be #stored#"]
        },
        "Targets": [[
            "stored",
            "data"
        ]],
        "Text": {
            "Second UserStory": "#g22# as a data manager, i want to know whether the #data# can be reproduced efficiently, so that i can determine whether and how the #data# has to be #stored#.",
            "First UserStory": "#g22# as a rector, i want to know how many #data# will be #stored#, so that i can plan long term resources."
        },
        "Conflicted Elements": 3,
        "Conflict Pair": "user_story_30_AND_user_story_66"
    },
    {
        "Entity": {"Secondary Entity": ["reports"]},
        "Action": {"Secondary Action": ["generate"]},
        "Part of Sentence": {
            "Second UserStory": [" so that i can #generate# #reports# of #research output# resulting from a project."],
            "First UserStory": [" so that i can #generate# #reports# of #research output# resulting from a project."]
        },
        "Contains": [
            [
                "institutional repository",
                "research publications"
            ],
            [
                "CRIS",
                "research publications"
            ],
            [
                "project",
                "research output"
            ],
            [
                "institutional repository",
                "DMP records"
            ],
            [
                "CRIS",
                "DMP records"
            ],
            [
                "reports",
                "research output"
            ]
        ],
        "Targets": [[
            "generate",
            "reports"
        ]],
        "Text": {
            "Second UserStory": "#g22# as a researcher, i want to link research publications in the institutional repository or cris with dmp records, so that i can #generate# #reports# of #research output# resulting from a project.",
            "First UserStory": "#g22# as a researcher, i want to record research publications in the institutional repository or cris with dmp records, so that i can #generate# #reports# of #research output# resulting from a project."
        },
        "Conflicted Elements": 9,
        "Conflict Pair": "user_story_37_AND_user_story_38"
    },
    {
        "Entity": {
            "Primary Entity": ["how secure"],
            "Secondary Entity": ["legal compliance"]
        },
        "Action": {
            "Secondary Action": ["ensure"],
            "Primary Action": ["know"]
        },
        "Part of Sentence": {
            "Second UserStory": [" so that i can #ensure# #legal compliance#."],
            "First UserStory": [" so that i can #ensure# #legal compliance#."]
        },
        "Targets": [
            [
                "know",
                "how secure"
            ],
            [
                "ensure",
                "legal compliance"
            ]
        ],
        "Text": {
            "Second UserStory": "#g22# as a funder, i want to #know# #how secure# data is, so that i can #ensure# #legal compliance#.",
            "First UserStory": "#g22# as an it officer, i want to #know# #how secure# data is, so that i can #ensure# #legal compliance#."
        },
        "Conflicted Elements": 6,
        "Conflict Pair": "user_story_44_AND_user_story_45"
    },
    {
        "Entity": {
            "Primary Entity": ["how secure"],
            "Secondary Entity": ["legal compliance"]
        },
        "Action": {
            "Secondary Action": ["ensure"],
            "Primary Action": ["know"]
        },
        "Part of Sentence": {
            "Second UserStory": [" so that i can #ensure# #legal compliance#."],
            "First UserStory": [" so that i can #ensure# #legal compliance#."]
        },
        "Targets": [
            [
                "know",
                "how secure"
            ],
            [
                "ensure",
                "legal compliance"
            ]
        ],
        "Text": {
            "Second UserStory": "#g22# as a pi, i want to #know# #how secure# data is, so that i can #ensure# #legal compliance#.",
            "First UserStory": "#g22# as an it officer, i want to #know# #how secure# data is, so that i can #ensure# #legal compliance#."
        },
        "Conflicted Elements": 6,
        "Conflict Pair": "user_story_44_AND_user_story_51"
    },
    {
        "Entity": {
            "Primary Entity": ["how secure"],
            "Secondary Entity": ["legal compliance"]
        },
        "Action": {
            "Secondary Action": ["ensure"],
            "Primary Action": ["know"]
        },
        "Part of Sentence": {
            "Second UserStory": [" so that i can #ensure# #legal compliance#."],
            "First UserStory": [" so that i can #ensure# #legal compliance#."]
        },
        "Targets": [
            [
                "know",
                "how secure"
            ],
            [
                "ensure",
                "legal compliance"
            ]
        ],
        "Text": {
            "Second UserStory": "#g22# as a pi, i want to #know# #how secure# data is, so that i can #ensure# #legal compliance#.",
            "First UserStory": "#g22# as a funder, i want to #know# #how secure# data is, so that i can #ensure# #legal compliance#."
        },
        "Conflicted Elements": 6,
        "Conflict Pair": "user_story_45_AND_user_story_51"
    },
    {
        "Entity": {
            "Primary Entity": ["regular summary reports"],
            "Secondary Entity": ["trends"]
        },
        "Action": {
            "Secondary Action": ["understand"],
            "Primary Action": ["receive"]
        },
        "Part of Sentence": {
            "Second UserStory": [" so that i #understand# #trends# in #data use# among staff and postgraduate students."],
            "First UserStory": [" so that i #understand# #trends# in #data use# among staff and postgraduate students."]
        },
        "Contains": [[
            "data use",
            "trends"
        ]],
        "Targets": [
            [
                "receive",
                "regular summary reports"
            ],
            [
                "understand",
                "trends"
            ]
        ],
        "Text": {
            "Second UserStory": "#g22# as a postgraduate convenor, i want to #receive# #regular summary reports# of research data, so that i #understand# #trends# in #data use# among staff and postgraduate students.",
            "First UserStory": "#g22# as a research centre director, i want to #receive# #regular summary reports# of research data, so that i #understand# #trends# in #data use# among staff and postgraduate students."
        },
        "Conflicted Elements": 7,
        "Conflict Pair": "user_story_46_AND_user_story_47"
    },
    {
        "Entity": {"Primary Entity": ["kind of data types"]},
        "Action": {
            "Secondary Action": ["produced"],
            "Primary Action": ["know"]
        },
        "Part of Sentence": {
            "Second UserStory": [" i want to #know# which #kind of data types# will be #produced# or #collected#"],
            "First UserStory": [" i want to #know# which #kind of data types# will be #produced# or #collected#"]
        },
        "Targets": [
            [
                "know",
                "kind of data types"
            ],
            [
                "produced",
                "kind of data types"
            ],
            [
                "collected",
                "kind of data types"
            ]
        ],
        "Text": {
            "Second UserStory": "#g22# as an it staff member, i want to #know# which #kind of data types# will be #produced# or #collected#, so that i can ensure that the necessary technical resources and technical know-how is available.",
            "First UserStory": "#g22# as a data manager, i want to #know# which #kind of data types# will be #produced# or #collected#, so that i can ensure that the necessary technical resources and technical know-how is available."
        },
        "Conflicted Elements": 7,
        "Conflict Pair": "user_story_58_AND_user_story_59"
    },
    {
        "Entity": {"Secondary Entity": ["functionalities"]},
        "Action": {"Secondary Action": ["determine"]},
        "Part of Sentence": {
            "Second UserStory": [" so that i can #determine# what kind of technical services and #functionalities# are required."],
            "First UserStory": [" so that i can #determine# what kind of basic services and #functionalities# are required."]
        },
        "Targets": [[
            "determine",
            "functionalities"
        ]],
        "Triggers": [[
            "IT staff member",
            "know"
        ]],
        "Text": {
            "Second UserStory": "#g22# as an it staff member, i want to know which formats are used, so that i can #determine# what kind of technical services and #functionalities# are required.",
            "First UserStory": "#g22# as an it staff member, i want to know how the data is used, so that i can #determine# what kind of basic services and #functionalities# are required."
        },
        "Conflicted Elements": 4,
        "Conflict Pair": "user_story_60_AND_user_story_62"
    },
    {
        "Entity": {"Secondary Entity": ["functionalities"]},
        "Action": {"Secondary Action": ["determine"]},
        "Part of Sentence": {
            "Second UserStory": [" so that i can #determine# what kind of technical services and #functionalities# are required."],
            "First UserStory": [" so that i can #determine# what kind of basic services and #functionalities# are required."]
        },
        "Targets": [
            [
                "used",
                "data"
            ],
            [
                "determine",
                "functionalities"
            ]
        ],
        "Triggers": [[
            "IT staff member",
            "know"
        ]],
        "Text": {
            "Second UserStory": "#g22# as an it staff member, i want to know with which software or technology the #data# is produced or #used#, so that i can #determine# what kind of technical services and #functionalities# are required.",
            "First UserStory": "#g22# as an it staff member, i want to know how the #data# is #used#, so that i can #determine# what kind of basic services and #functionalities# are required."
        },
        "Conflicted Elements": 7,
        "Conflict Pair": "user_story_60_AND_user_story_63"
    },
    {
        "Entity": {"Secondary Entity": ["data"]},
        "Action": {"Secondary Action": ["used"]},
        "Part of Sentence": {
            "Second UserStory": [" i want to know with which software or technology the #data# is produced or #used#"],
            "First UserStory": [" i want to know how the #data# is #used#"]
        },
        "Targets": [[
            "used",
            "data"
        ]],
        "Text": {
            "Second UserStory": "#g22# as a data manager, i want to know with which software or technology the #data# is produced or #used#, so that i know what technology or background information might be necessary to (re-)use the #data#.",
            "First UserStory": "#g22# as an it staff member, i want to know how the #data# is #used#, so that i can determine what kind of basic services and functionalities are required."
        },
        "Conflicted Elements": 3,
        "Conflict Pair": "user_story_60_AND_user_story_67"
    },
    {
        "Entity": {"Secondary Entity": ["kind of technical services"]},
        "Action": {"Secondary Action": ["determine"]},
        "Part of Sentence": {
            "Second UserStory": [" so that i can #determine# what #kind of technical services# and #functionalities# are required."],
            "First UserStory": [" so that i can #determine# what #kind of technical services# and #functionalities# are required."]
        },
        "Targets": [
            [
                "determine",
                "kind of technical services"
            ],
            [
                "determine",
                "functionalities"
            ]
        ],
        "Triggers": [[
            "IT staff member",
            "know"
        ]],
        "Text": {
            "Second UserStory": "#g22# as an it staff member, i want to know with which software or technology the data is produced or used, so that i can #determine# what #kind of technical services# and #functionalities# are required.",
            "First UserStory": "#g22# as an it staff member, i want to know which formats are used, so that i can #determine# what #kind of technical services# and #functionalities# are required."
        },
        "Conflicted Elements": 6,
        "Conflict Pair": "user_story_62_AND_user_story_63"
    },
    {
        "Entity": {"Primary Entity": ["formats"]},
        "Action": {
            "Secondary Action": ["used"],
            "Primary Action": ["know"]
        },
        "Part of Sentence": {
            "Second UserStory": [" i want to #know# which #formats# are #used#"],
            "First UserStory": [" i want to #know# which #formats# are #used#"]
        },
        "Targets": [
            [
                "know",
                "formats"
            ],
            [
                "used",
                "formats"
            ]
        ],
        "Text": {
            "Second UserStory": "#g22# as a data manager, i want to #know# which #formats# are #used#, so that i know what technology or background information might be necessary to use the data.",
            "First UserStory": "#g22# as an it staff member, i want to #know# which #formats# are #used#, so that i can determine what kind of technical services and functionalities are required."
        },
        "Conflicted Elements": 5,
        "Conflict Pair": "user_story_62_AND_user_story_65"
    },
    {
        "Entity": {
            "Primary Entity": ["software"],
            "Secondary Entity": ["data"]
        },
        "Action": {
            "Secondary Action": ["produced"],
            "Primary Action": ["know"]
        },
        "Part of Sentence": {
            "Second UserStory": [" i want to #know# with which #software# or #technology# the #data# is #produced# or #used#"],
            "First UserStory": [" i want to #know# with which #software# or #technology# the #data# is #produced# or #used#"]
        },
        "Contains": [
            [
                "software",
                "data"
            ],
            [
                "technology",
                "data"
            ]
        ],
        "Targets": [
            [
                "know",
                "software"
            ],
            [
                "produced",
                "data"
            ],
            [
                "used",
                "data"
            ],
            [
                "know",
                "technology"
            ]
        ],
        "Text": {
            "Second UserStory": "#g22# as a data manager, i want to #know# with which #software# or #technology# the #data# is #produced# or #used#, so that i know what technology or background information might be necessary to (re-)use the #data#.",
            "First UserStory": "#g22# as an it staff member, i want to #know# with which #software# or #technology# the #data# is #produced# or #used#, so that i can determine what kind of technical services and functionalities are required."
        },
        "Conflicted Elements": 12,
        "Conflict Pair": "user_story_63_AND_user_story_67"
    },
    {
        "Entity": {"Secondary Entity": ["data"]},
        "Action": {"Secondary Action": ["re-using"]},
        "Part of Sentence": {
            "Second UserStory": [" i want to clarify the necessary rights for #re-using# the #data#"],
            "First UserStory": [" so that it can be checked whether all necessary information is available for researchers interested in #re-using# the #data#."]
        },
        "Targets": [[
            "re-using",
            "data"
        ]],
        "Text": {
            "Second UserStory": "#g22# as a data manager, i want to clarify the necessary rights for #re-using# the #data#, so that it is legal to reuse the #data#.",
            "First UserStory": "#g22# as a data manager, i want to know which information is necessary to re-use the #data#, so that it can be checked whether all necessary information is available for researchers interested in #re-using# the #data#."
        },
        "Conflicted Elements": 3,
        "Conflict Pair": "user_story_64_AND_user_story_79"
    },
    {
        "Entity": {"Secondary Entity": ["technology"]},
        "Action": {"Primary Action": ["know"]},
        "Part of Sentence": {
            "Second UserStory": [" so that i know what #technology# or #background information# might be necessary to (re-)use the data."],
            "First UserStory": [" so that i know what #technology# or #background information# might be necessary to use the data."]
        },
        "Targets": [
            [
                "know",
                "technology"
            ],
            [
                "know",
                "background information"
            ]
        ],
        "Triggers": [[
            "data manager",
            "know"
        ]],
        "Text": {
            "Second UserStory": "#g22# as a data manager, i want to #know# with which software or #technology# the data is produced or used, so that i know what #technology# or #background information# might be necessary to (re-)use the data.",
            "First UserStory": "#g22# as a data manager, i want to #know# which formats are used, so that i know what #technology# or #background information# might be necessary to use the data."
        },
        "Conflicted Elements": 6,
        "Conflict Pair": "user_story_65_AND_user_story_67"
    },
    {
        "Entity": {"Secondary Entity": ["data"]},
        "Action": {"Secondary Action": ["use"]},
        "Part of Sentence": {
            "Second UserStory": [" so that other researchers who #use# the #data# understand the rights of use."],
            "First UserStory": [" so that i know what technology or background information might be necessary to #use# the #data#."]
        },
        "Targets": [[
            "use",
            "data"
        ]],
        "Text": {
            "Second UserStory": "#g22# as a researcher, i want to record my intention to share #data# i have collected under terms of a particular licence, so that other researchers who #use# the #data# understand the rights of use.",
            "First UserStory": "#g22# as a data manager, i want to know which formats are used, so that i know what technology or background information might be necessary to #use# the #data#."
        },
        "Conflicted Elements": 3,
        "Conflict Pair": "user_story_65_AND_user_story_80"
    },
    {
        "Entity": {"Primary Entity": ["security requirements"]},
        "Action": {"Primary Action": ["know"]},
        "Part of Sentence": {
            "Second UserStory": [" i want to #know# about the privacy and #security requirements# of the #data#"],
            "First UserStory": [" i want to #know# the #security requirements# of the #data#"]
        },
        "Contains": [[
            "data",
            "security requirements"
        ]],
        "Targets": [[
            "know",
            "security requirements"
        ]],
        "Text": {
            "Second UserStory": "#g22# as an institutional data manager, i want to #know# about the privacy and #security requirements# of the #data#, so that i can plan the right storage system and sharing permissions.",
            "First UserStory": "#g22# as a data manager, i want to #know# the #security requirements# of the #data#, so that i can check whether the data can be kept secure."
        },
        "Conflicted Elements": 4,
        "Conflict Pair": "user_story_70_AND_user_story_72"
    },
    {
        "Entity": {
            "Primary Entity": ["sections"],
            "Secondary Entity": ["data manager posts"]
        },
        "Action": {
            "Secondary Action": ["share"],
            "Primary Action": ["see"]
        },
        "Part of Sentence": {
            "Second UserStory": [" so that i can see if we could #share# #data manager posts#."],
            "First UserStory": [" so that i can see if we could #share# #data manager posts#."]
        },
        "Contains": [[
            "department",
            "other researchers"
        ]],
        "Targets": [
            [
                "see",
                "sections"
            ],
            [
                "share",
                "data manager posts"
            ]
        ],
        "Triggers": [[
            "researcher",
            "see"
        ]],
        "Text": {
            "Second UserStory": "#g22# as a researcher, i want to #see# the #sections# on roles submitted by other researchers in my department, so that i can see if we could #share# #data manager posts#.",
            "First UserStory": "#g22# as a researcher, i want to #see# the #sections# on costing by other researchers in my department, so that i can see if we could #share# #data manager posts#."
        },
        "Conflicted Elements": 8,
        "Conflict Pair": "user_story_73_AND_user_story_74"
    },
    {
        "Entity": {
            "Primary Entity": ["sections"],
            "Secondary Entity": ["data manager posts"]
        },
        "Action": {
            "Secondary Action": ["share"],
            "Primary Action": ["see"]
        },
        "Part of Sentence": {
            "Second UserStory": [" so that i can see if we could #share# #data manager posts#."],
            "First UserStory": [" so that i can see if we could #share# #data manager posts#."]
        },
        "Contains": [[
            "department",
            "other researchers"
        ]],
        "Targets": [
            [
                "see",
                "sections"
            ],
            [
                "share",
                "data manager posts"
            ]
        ],
        "Triggers": [[
            "researcher",
            "see"
        ]],
        "Text": {
            "Second UserStory": "#g22# as a researcher, i want to #see# the #sections# on responsibilities submitted by other researchers in my department, so that i can see if we could #share# #data manager posts#.",
            "First UserStory": "#g22# as a researcher, i want to #see# the #sections# on costing by other researchers in my department, so that i can see if we could #share# #data manager posts#."
        },
        "Conflicted Elements": 8,
        "Conflict Pair": "user_story_73_AND_user_story_75"
    },
    {
        "Entity": {
            "Primary Entity": ["sections"],
            "Secondary Entity": ["data manager posts"]
        },
        "Action": {
            "Secondary Action": ["share"],
            "Primary Action": ["see"]
        },
        "Part of Sentence": {
            "Second UserStory": [" so that i can see if we could #share# #data manager posts#."],
            "First UserStory": [" so that i can see if we could #share# #data manager posts#."]
        },
        "Contains": [[
            "department",
            "other researchers"
        ]],
        "Targets": [
            [
                "see",
                "sections"
            ],
            [
                "share",
                "data manager posts"
            ]
        ],
        "Triggers": [[
            "researcher",
            "see"
        ]],
        "Text": {
            "Second UserStory": "#g22# as a researcher, i want to #see# the #sections# on responsibilities submitted by other researchers in my department, so that i can see if we could #share# #data manager posts#.",
            "First UserStory": "#g22# as a researcher, i want to #see# the #sections# on roles submitted by other researchers in my department, so that i can see if we could #share# #data manager posts#."
        },
        "Conflicted Elements": 8,
        "Conflict Pair": "user_story_74_AND_user_story_75"
    },
    {
        "Entity": {
            "Primary Entity": ["sections"],
            "Secondary Entity": ["sufficient expertise"]
        },
        "Action": {
            "Secondary Action": ["support"],
            "Primary Action": ["see"]
        },
        "Part of Sentence": {
            "Second UserStory": [" so that i can #ensure# #sufficient expertise# on #data management# to #support# the #project#."],
            "First UserStory": [" so that i can #ensure# #sufficient expertise# on #data management# to #support# the #project#."]
        },
        "Contains": [
            [
                "data management",
                "sufficient expertise"
            ],
            [
                "project",
                "data management"
            ]
        ],
        "Targets": [
            [
                "see",
                "sections"
            ],
            [
                "ensure",
                "sufficient expertise"
            ],
            [
                "support",
                "project"
            ]
        ],
        "Triggers": [[
            "faculty data steward",
            "see"
        ]],
        "Text": {
            "Second UserStory": "#g22# as a faculty data steward, i want to #see# the #sections# on roles, so that i can #ensure# #sufficient expertise# on #data management# to #support# the #project#.",
            "First UserStory": "#g22# as a faculty data steward, i want to #see# the #sections# on costing, so that i can #ensure# #sufficient expertise# on #data management# to #support# the #project#."
        },
        "Conflicted Elements": 12,
        "Conflict Pair": "user_story_76_AND_user_story_77"
    },
    {
        "Entity": {
            "Primary Entity": ["sections"],
            "Secondary Entity": ["project"]
        },
        "Action": {
            "Secondary Action": ["ensure"],
            "Primary Action": ["see"]
        },
        "Part of Sentence": {
            "Second UserStory": [" so that i can #ensure# #sufficient expertise# on #data management# to #support# the #project#."],
            "First UserStory": [" so that i can #ensure# #sufficient expertise# on #data management# to #support# the #project#."]
        },
        "Contains": [
            [
                "data management",
                "sufficient expertise"
            ],
            [
                "project",
                "data management"
            ]
        ],
        "Targets": [
            [
                "see",
                "sections"
            ],
            [
                "ensure",
                "sufficient expertise"
            ],
            [
                "support",
                "project"
            ]
        ],
        "Text": {
            "Second UserStory": "#g22# as a faculty data steward, i want to #see# the #sections# on responsibilities, so that i can #ensure# #sufficient expertise# on #data management# to #support# the #project#.",
            "First UserStory": "#g22# as a faculty data steward, i want to #see# the #sections# on costing, so that i can #ensure# #sufficient expertise# on #data management# to #support# the #project#."
        },
        "Conflicted Elements": 11,
        "Conflict Pair": "user_story_76_AND_user_story_78"
    },
    {
        "Entity": {
            "Primary Entity": ["sections"],
            "Secondary Entity": ["sufficient expertise"]
        },
        "Action": {
            "Secondary Action": ["support"],
            "Primary Action": ["see"]
        },
        "Part of Sentence": {
            "Second UserStory": [" so that i can #ensure# #sufficient expertise# on #data management# to #support# the #project#."],
            "First UserStory": [" so that i can #ensure# #sufficient expertise# on #data management# to #support# the #project#."]
        },
        "Contains": [
            [
                "data management",
                "sufficient expertise"
            ],
            [
                "project",
                "data management"
            ]
        ],
        "Targets": [
            [
                "see",
                "sections"
            ],
            [
                "ensure",
                "sufficient expertise"
            ],
            [
                "support",
                "project"
            ]
        ],
        "Text": {
            "Second UserStory": "#g22# as a faculty data steward, i want to #see# the #sections# on responsibilities, so that i can #ensure# #sufficient expertise# on #data management# to #support# the #project#.",
            "First UserStory": "#g22# as a faculty data steward, i want to #see# the #sections# on roles, so that i can #ensure# #sufficient expertise# on #data management# to #support# the #project#."
        },
        "Conflicted Elements": 11,
        "Conflict Pair": "user_story_77_AND_user_story_78"
    }
]