[
    {
        "Entity": {"Secondary Entity": ["enum lists"]},
        "Action": {"Secondary Action": ["managing"]},
        "Part of Sentence": {
            "Second UserStory": [" i want frontend changes for #managing# #enum lists#."],
            "First UserStory": [" i want backend changes for #managing# #enum lists#."]
        },
        "Targets": [[
            "managing",
            "enum lists"
        ]],
        "Triggers": [[
            "user",
            "want"
        ]],
        "Text": {
            "Second UserStory": "#g23# as a user, i want frontend changes for #managing# #enum lists#.",
            "First UserStory": "#g23# as a user, i want backend changes for #managing# #enum lists#."
        },
        "Conflicted Elements": 4,
        "Conflict Pair": "user_story_03_AND_user_story_12"
    },
    {
        "Entity": {"Primary Entity": ["backend changes"]},
        "Action": {"Primary Action": ["want"]},
        "Part of Sentence": {
            "Second UserStory": [" i #want# #backend changes# to support loading enum value lists from the database."],
            "First UserStory": [" i #want# #backend changes# for managing enum lists."]
        },
        "Targets": [[
            "want",
            "backend changes"
        ]],
        "Triggers": [[
            "user",
            "want"
        ]],
        "Text": {
            "Second UserStory": "#g23# as a user, i #want# #backend changes# to support loading enum value lists from the database.",
            "First UserStory": "#g23# as a user, i #want# #backend changes# for managing enum lists."
        },
        "Conflicted Elements": 4,
        "Conflict Pair": "user_story_03_AND_user_story_16"
    },
    {
        "Entity": {"Primary Entity": ["backend changes"]},
        "Action": {"Primary Action": ["want"]},
        "Part of Sentence": {
            "Second UserStory": [" i #want# #backend changes# for bulk updating one enum value to another."],
            "First UserStory": [" i #want# #backend changes# for managing enum lists."]
        },
        "Targets": [[
            "want",
            "backend changes"
        ]],
        "Triggers": [[
            "user",
            "want"
        ]],
        "Text": {
            "Second UserStory": "#g23# as a user, i #want# #backend changes# for bulk updating one enum value to another.",
            "First UserStory": "#g23# as a user, i #want# #backend changes# for managing enum lists."
        },
        "Conflicted Elements": 4,
        "Conflict Pair": "user_story_03_AND_user_story_17"
    },
    {
        "Entity": {"Primary Entity": ["ead files"]},
        "Action": {"Primary Action": ["import"]},
        "Part of Sentence": {
            "Second UserStory": [" i want to #import# #ead files# that were exported by the archivists' toolkit."],
            "First UserStory": [" i want to #import# #ead files# that were exported by archon."]
        },
        "Targets": [[
            "import",
            "EAD files"
        ]],
        "Triggers": [[
            "Archivist",
            "import"
        ]],
        "Text": {
            "Second UserStory": "#g23# as an archivist, i want to #import# #ead files# that were exported by the archivists' toolkit.",
            "First UserStory": "#g23# as an archivist, i want to #import# #ead files# that were exported by archon."
        },
        "Conflicted Elements": 4,
        "Conflict Pair": "user_story_04_AND_user_story_28"
    },
    {
        "Entity": {"Primary Entity": ["backend changes"]},
        "Action": {"Primary Action": ["want"]},
        "Part of Sentence": {
            "Second UserStory": [" i #want# #backend changes# for bulk updating one enum value to another."],
            "First UserStory": [" i #want# #backend changes# to support loading enum value lists from the database."]
        },
        "Targets": [[
            "want",
            "backend changes"
        ]],
        "Triggers": [[
            "user",
            "want"
        ]],
        "Text": {
            "Second UserStory": "#g23# as a user, i #want# #backend changes# for bulk updating one enum value to another.",
            "First UserStory": "#g23# as a user, i #want# #backend changes# to support loading enum value lists from the database."
        },
        "Conflicted Elements": 4,
        "Conflict Pair": "user_story_16_AND_user_story_17"
    },
    {
        "Entity": {"Primary Entity": ["instance"]},
        "Action": {"Primary Action": ["associate"]},
        "Part of Sentence": {
            "Second UserStory": [" i want to #associate# an #instance# with a container."],
            "First UserStory": [" i want to #associate# an #instance# with a resource and/or resource component."]
        },
        "Targets": [[
            "associate",
            "Instance"
        ]],
        "Triggers": [[
            "Archivist",
            "associate"
        ]],
        "Text": {
            "Second UserStory": "#g23# as an archivist, i want to #associate# an #instance# with a container.",
            "First UserStory": "#g23# as an archivist, i want to #associate# an #instance# with a resource and/or resource component."
        },
        "Conflicted Elements": 4,
        "Conflict Pair": "user_story_38_AND_user_story_55"
    }
]