[
    {
        "Entity": {"Primary Entity": ["collections"]},
        "Action": {"Primary Action": ["know"]},
        "Part of Sentence": {
            "Second UserStory": [" i want to #know# all the #collections# for which i have curatorial responsibility."],
            "First UserStory": [" i want to #know# all the #collections# and objects in the dams for which i have custodial responsibility."]
        },
        "Targets": [[
            "know",
            "collections"
        ]],
        "Triggers": [[
            "repository manager",
            "know"
        ]],
        "Text": {
            "Second UserStory": "#g25# as a repository manager, i want to #know# all the #collections# for which i have curatorial responsibility.",
            "First UserStory": "#g25# as a repository manager, i want to #know# all the #collections# and objects in the dams for which i have custodial responsibility."
        },
        "Conflicted Elements": 4,
        "Conflict Pair": "user_story_01_AND_user_story_07"
    },
    {
        "Entity": {"Primary Entity": ["objects"]},
        "Action": {"Primary Action": ["know"]},
        "Part of Sentence": {
            "Second UserStory": [" i want to #know# what #objects# or object components are still under copyright and cannot be displayed without either a license or incurring risk."],
            "First UserStory": [" i want to #know# all the collections and #objects# in the dams for which i have custodial responsibility."]
        },
        "Targets": [[
            "know",
            "objects"
        ]],
        "Text": {
            "Second UserStory": "#g25# as a dams manager, i want to #know# what #objects# or object components are still under copyright and cannot be displayed without either a license or incurring risk.",
            "First UserStory": "#g25# as a repository manager, i want to #know# all the collections and #objects# in the dams for which i have custodial responsibility."
        },
        "Conflicted Elements": 3,
        "Conflict Pair": "user_story_01_AND_user_story_83"
    },
    {
        "Entity": {"Primary Entity": ["names"]},
        "Action": {"Primary Action": ["indicate"]},
        "Part of Sentence": {
            "Second UserStory": [" i want to #indicate# #names# related to an object."],
            "First UserStory": [" i want to #indicate# #names# related to the collection either as creator"]
        },
        "Targets": [[
            "indicate",
            "names"
        ]],
        "Triggers": [[
            "repository manager",
            "indicate"
        ]],
        "Text": {
            "Second UserStory": "#g25# as a repository manager, i want to #indicate# #names# related to an object.",
            "First UserStory": "#g25# as a repository manager, i want to #indicate# #names# related to the collection either as creator, source, or subject."
        },
        "Conflicted Elements": 4,
        "Conflict Pair": "user_story_11_AND_user_story_20"
    },
    {
        "Entity": {"Primary Entity": ["subjects"]},
        "Action": {"Primary Action": ["indicate"]},
        "Part of Sentence": {
            "Second UserStory": [" i want to #indicate# #subjects# that are related to an object."],
            "First UserStory": [" i want to #indicate# #subjects# related to the collection."]
        },
        "Targets": [[
            "indicate",
            "subjects"
        ]],
        "Triggers": [[
            "repository manager",
            "indicate"
        ]],
        "Text": {
            "Second UserStory": "#g25# as a repository manager, i want to #indicate# #subjects# that are related to an object.",
            "First UserStory": "#g25# as a repository manager, i want to #indicate# #subjects# related to the collection."
        },
        "Conflicted Elements": 4,
        "Conflict Pair": "user_story_12_AND_user_story_21"
    },
    {
        "Entity": {"Primary Entity": ["all events"]},
        "Action": {"Primary Action": ["know"]},
        "Part of Sentence": {
            "Second UserStory": [" i want to #know# #all events# done to an object over the object's life cycle."],
            "First UserStory": [" i want to #know# #all events# occurring to a collection."]
        },
        "Targets": [[
            "know",
            "all events"
        ]],
        "Triggers": [[
            "repository manager",
            "know"
        ]],
        "Text": {
            "Second UserStory": "#g25# as a repository manager, i want to #know# #all events# done to an object over the object's life cycle.",
            "First UserStory": "#g25# as a repository manager, i want to #know# #all events# occurring to a collection."
        },
        "Conflicted Elements": 4,
        "Conflict Pair": "user_story_14_AND_user_story_27"
    },
    {
        "Entity": {"Primary Entity": ["all events"]},
        "Action": {"Primary Action": ["know"]},
        "Part of Sentence": {
            "Second UserStory": [" i want to #know# #all events# occurring to a component over its life cycle."],
            "First UserStory": [" i want to #know# #all events# occurring to a collection."]
        },
        "Targets": [[
            "know",
            "all events"
        ]],
        "Triggers": [[
            "repository manager",
            "know"
        ]],
        "Text": {
            "Second UserStory": "#g25# as a repository manager, i want to #know# #all events# occurring to a component over its life cycle.",
            "First UserStory": "#g25# as a repository manager, i want to #know# #all events# occurring to a collection."
        },
        "Conflicted Elements": 4,
        "Conflict Pair": "user_story_14_AND_user_story_46"
    },
    {
        "Entity": {"Primary Entity": ["descriptions"]},
        "Action": {"Primary Action": ["indicate"]},
        "Part of Sentence": {
            "Second UserStory": [" i want to #indicate# all other pertinent versions or #descriptions# of a resource that are external to the dams."],
            "First UserStory": [" i want to #indicate# any external versions or #descriptions# of an object that may be of probable importance to an user."]
        },
        "Targets": [[
            "indicate",
            "descriptions"
        ]],
        "Triggers": [[
            "repository manager",
            "indicate"
        ]],
        "Text": {
            "Second UserStory": "#g25# as a repository manager, i want to #indicate# all other pertinent versions or #descriptions# of a resource that are external to the dams.",
            "First UserStory": "#g25# as a repository manager, i want to #indicate# any external versions or #descriptions# of an object that may be of probable importance to an user."
        },
        "Conflicted Elements": 4,
        "Conflict Pair": "user_story_26_AND_user_story_78"
    },
    {
        "Entity": {"Primary Entity": ["all events"]},
        "Action": {"Primary Action": ["know"]},
        "Part of Sentence": {
            "Second UserStory": [" i want to #know# #all events# occurring to a component over its life cycle."],
            "First UserStory": [" i want to #know# #all events# done to an object over the object's life cycle."]
        },
        "Targets": [[
            "know",
            "all events"
        ]],
        "Triggers": [[
            "repository manager",
            "know"
        ]],
        "Text": {
            "Second UserStory": "#g25# as a repository manager, i want to #know# #all events# occurring to a component over its life cycle.",
            "First UserStory": "#g25# as a repository manager, i want to #know# #all events# done to an object over the object's life cycle."
        },
        "Conflicted Elements": 4,
        "Conflict Pair": "user_story_27_AND_user_story_46"
    },
    {
        "Entity": {"Primary Entity": ["repository"]},
        "Action": {"Primary Action": ["know"]},
        "Part of Sentence": {
            "Second UserStory": [" i want to #know# what #repository# an #object# belongs to."],
            "First UserStory": [" i want to #know# what #repository# an #object# belongs to."]
        },
        "Contains": [[
            "repository",
            "object"
        ]],
        "Targets": [[
            "know",
            "repository"
        ]],
        "Text": {
            "Second UserStory": "#g25# as a user, i want to #know# what #repository# an #object# belongs to.",
            "First UserStory": "#g25# as a dams manager, i want to #know# what #repository# an #object# belongs to."
        },
        "Conflicted Elements": 4,
        "Conflict Pair": "user_story_28_AND_user_story_30"
    },
    {
        "Entity": {"Primary Entity": ["collection(s)"]},
        "Action": {"Primary Action": ["know"]},
        "Part of Sentence": {"Second UserStory": [" i want to #know# what collection(s) an #object# belongs to."]},
        "Contains": [[
            "collection(s)",
            "object"
        ]],
        "Targets": [[
            "know",
            "collection(s)"
        ]],
        "Text": {
            "Second UserStory": "#g25# as a user, i want to #know# what collection(s) an #object# belongs to.",
            "First UserStory": "#g25# as a dams manager i want to know what collection(s) an object belongs to."
        },
        "Conflicted Elements": 4,
        "Conflict Pair": "user_story_29_AND_user_story_31"
    },
    {
        "Entity": {"Primary Entity": ["any changes"]},
        "Action": {"Primary Action": ["know"]},
        "Part of Sentence": {
            "Second UserStory": [" i want to #know# of #any changes# made to the origin info for an object"],
            "First UserStory": [" i want to #know# #any changes# occurring to titles for repository's collections"]
        },
        "Targets": [[
            "know",
            "any changes"
        ]],
        "Triggers": [[
            "repository manager",
            "know"
        ]],
        "Text": {
            "Second UserStory": "#g25# as a repository manager, i want to #know# of #any changes# made to the origin info for an object, including its component parts.",
            "First UserStory": "#g25# as a repository manager, i want to #know# #any changes# occurring to titles for repository's collections, objects, and object components."
        },
        "Conflicted Elements": 4,
        "Conflict Pair": "user_story_58_AND_user_story_62"
    },
    {
        "Entity": {"Primary Entity": ["any changes"]},
        "Action": {"Primary Action": ["know"]},
        "Part of Sentence": {
            "Second UserStory": [" i want to #know# of #any changes# made to language(s) indicated for a collection"],
            "First UserStory": [" i want to #know# #any changes# occurring to titles for repository's collections"]
        },
        "Targets": [[
            "know",
            "any changes"
        ]],
        "Triggers": [[
            "repository manager",
            "know"
        ]],
        "Text": {
            "Second UserStory": "#g25# as a repository manager, i want to #know# of #any changes# made to language(s) indicated for a collection, object, or object component.",
            "First UserStory": "#g25# as a repository manager, i want to #know# #any changes# occurring to titles for repository's collections, objects, and object components."
        },
        "Conflicted Elements": 4,
        "Conflict Pair": "user_story_58_AND_user_story_68"
    },
    {
        "Entity": {"Primary Entity": ["objects"]},
        "Action": {"Primary Action": ["search"]},
        "Part of Sentence": {
            "Second UserStory": [" i want to #search# by for #collections# and #objects# by name."],
            "First UserStory": [" i want to #search# #collections#"]
        },
        "Targets": [
            [
                "search",
                "collections"
            ],
            [
                "search",
                "objects"
            ]
        ],
        "Triggers": [[
            "user",
            "search"
        ]],
        "Text": {
            "Second UserStory": "#g25# as a user, i want to #search# by for #collections# and #objects# by name.",
            "First UserStory": "#g25# as a user, i want to #search# #collections#, #objects#, and object components by title."
        },
        "Conflicted Elements": 6,
        "Conflict Pair": "user_story_60_AND_user_story_71"
    },
    {
        "Entity": {"Primary Entity": ["objects"]},
        "Action": {"Primary Action": ["search"]},
        "Part of Sentence": {
            "Second UserStory": [" #objects#, and #object components# by pertinent such headings, including #title#, topic, genre/form, geographical name, function, occupation, name, cartographics, etc."],
            "First UserStory": [" #objects#, and #object components# by #title#."]
        },
        "Contains": [
            [
                "collections",
                "title"
            ],
            [
                "objects",
                "title"
            ],
            [
                "object components",
                "title"
            ]
        ],
        "Targets": [
            [
                "search",
                "collections"
            ],
            [
                "search",
                "objects"
            ],
            [
                "search",
                "object components"
            ]
        ],
        "Triggers": [[
            "user",
            "search"
        ]],
        "Text": {
            "Second UserStory": "#g25# as a user, i want to #search# for #collections#, #objects#, and #object components# by pertinent such headings, including #title#, topic, genre/form, geographical name, function, occupation, name, cartographics, etc.",
            "First UserStory": "#g25# as a user, i want to #search# #collections#, #objects#, and #object components# by #title#."
        },
        "Conflicted Elements": 11,
        "Conflict Pair": "user_story_60_AND_user_story_75"
    },
    {
        "Entity": {"Primary Entity": ["any changes"]},
        "Action": {
            "Secondary Action": ["made"],
            "Primary Action": ["know"]
        },
        "Part of Sentence": {
            "Second UserStory": [" i want to #know# of #any changes# #made# to language(s) indicated for a collection"],
            "First UserStory": [" i want to #know# of #any changes# #made# to the origin info for an object"]
        },
        "Targets": [
            [
                "know",
                "any changes"
            ],
            [
                "made",
                "any changes"
            ]
        ],
        "Triggers": [[
            "repository manager",
            "know"
        ]],
        "Text": {
            "Second UserStory": "#g25# as a repository manager, i want to #know# of #any changes# #made# to language(s) indicated for a collection, object, or object component.",
            "First UserStory": "#g25# as a repository manager, i want to #know# of #any changes# #made# to the origin info for an object, including its component parts."
        },
        "Conflicted Elements": 6,
        "Conflict Pair": "user_story_62_AND_user_story_68"
    },
    {
        "Entity": {"Primary Entity": ["searches"]},
        "Action": {"Primary Action": ["scope"]},
        "Part of Sentence": {
            "Second UserStory": [" i want to #scope# by #searches# by name to a specific role such as illustrator"],
            "First UserStory": [" i want to #scope# my #searches# for collections"]
        },
        "Targets": [[
            "scope",
            "searches"
        ]],
        "Triggers": [[
            "user",
            "scope"
        ]],
        "Text": {
            "Second UserStory": "#g25# as a user, i want to #scope# by #searches# by name to a specific role such as illustrator, photographer, etc.",
            "First UserStory": "#g25# as a user, i want to #scope# my #searches# for collections, objects, or object components to a specific language."
        },
        "Conflicted Elements": 4,
        "Conflict Pair": "user_story_69_AND_user_story_73"
    },
    {
        "Entity": {"Primary Entity": ["objects"]},
        "Action": {"Primary Action": ["search"]},
        "Part of Sentence": {
            "Second UserStory": [" #objects#, and object components by pertinent such headings, including title, topic, genre/form, geographical #name#, function, occupation, name, cartographics, etc."],
            "First UserStory": [" i want to #search# by for #collections# and #objects# by #name#."]
        },
        "Contains": [
            [
                "objects",
                "name"
            ],
            [
                "collections",
                "name"
            ]
        ],
        "Targets": [
            [
                "search",
                "collections"
            ],
            [
                "search",
                "objects"
            ]
        ],
        "Triggers": [[
            "user",
            "search"
        ]],
        "Text": {
            "Second UserStory": "#g25# as a user, i want to #search# for #collections#, #objects#, and object components by pertinent such headings, including title, topic, genre/form, geographical #name#, function, occupation, name, cartographics, etc.",
            "First UserStory": "#g25# as a user, i want to #search# by for #collections# and #objects# by #name#."
        },
        "Conflicted Elements": 8,
        "Conflict Pair": "user_story_71_AND_user_story_75"
    },
    {
        "Entity": {"Secondary Entity": ["checksum"]},
        "Action": {"Secondary Action": ["changed"]},
        "Part of Sentence": {
            "Second UserStory": [" via the preservation manager, of all files for which the #checksum# has #changed# since last registered."],
            "First UserStory": [" i want to know if the #checksum# for any of my repository's content files that have #changed#."]
        },
        "Targets": [[
            "changed",
            "checksum"
        ]],
        "Text": {
            "Second UserStory": "#g25# as a dams manager, i want to know, via the preservation manager, of all files for which the #checksum# has #changed# since last registered.",
            "First UserStory": "#g25# as a repository manager, i want to know if the #checksum# for any of my repository's content files that have #changed#."
        },
        "Conflicted Elements": 3,
        "Conflict Pair": "user_story_80_AND_user_story_81"
    },
    {
        "Entity": {"Primary Entity": ["when"]},
        "Action": {"Primary Action": ["know"]},
        "Part of Sentence": {
            "Second UserStory": [" i want to #know# #when# the copyright status for an object or object component is modified"],
            "First UserStory": [" i want to #know# #when# copyright for an object or object component is likely to expire per jurisdictional copyright statute."]
        },
        "Targets": [[
            "know",
            "when"
        ]],
        "Triggers": [[
            "DAMS manager",
            "know"
        ]],
        "Text": {
            "Second UserStory": "#g25# as a dams manager, i want to #know# #when# the copyright status for an object or object component is modified, either manually or automatically.",
            "First UserStory": "#g25# as a dams manager, i want to #know# #when# copyright for an object or object component is likely to expire per jurisdictional copyright statute."
        },
        "Conflicted Elements": 4,
        "Conflict Pair": "user_story_84_AND_user_story_85"
    },
    {
        "Entity": {"Primary Entity": ["when"]},
        "Action": {"Primary Action": ["know"]},
        "Part of Sentence": {
            "Second UserStory": [" i want to #know# #when# the pertinence of a statute to a object or object component is scheduled to expire."],
            "First UserStory": [" i want to #know# #when# copyright for an object or object component is likely to expire per jurisdictional copyright statute."]
        },
        "Targets": [[
            "know",
            "when"
        ]],
        "Triggers": [[
            "DAMS manager",
            "know"
        ]],
        "Text": {
            "Second UserStory": "#g25# as a dams manager, i want to #know# #when# the pertinence of a statute to a object or object component is scheduled to expire.",
            "First UserStory": "#g25# as a dams manager, i want to #know# #when# copyright for an object or object component is likely to expire per jurisdictional copyright statute."
        },
        "Conflicted Elements": 4,
        "Conflict Pair": "user_story_84_AND_user_story_88"
    },
    {
        "Entity": {"Primary Entity": ["when"]},
        "Action": {"Primary Action": ["know"]},
        "Part of Sentence": {
            "Second UserStory": [" i want to #know# #when# the application of a statute to an object or object component has been modified"],
            "First UserStory": [" i want to #know# #when# copyright for an object or object component is likely to expire per jurisdictional copyright statute."]
        },
        "Targets": [[
            "know",
            "when"
        ]],
        "Triggers": [[
            "DAMS manager",
            "know"
        ]],
        "Text": {
            "Second UserStory": "#g25# as a dams manager, i want to #know# #when# the application of a statute to an object or object component has been modified, either manually or automatically.",
            "First UserStory": "#g25# as a dams manager, i want to #know# #when# copyright for an object or object component is likely to expire per jurisdictional copyright statute."
        },
        "Conflicted Elements": 4,
        "Conflict Pair": "user_story_84_AND_user_story_89"
    },
    {
        "Entity": {"Primary Entity": ["when"]},
        "Action": {"Primary Action": ["know"]},
        "Part of Sentence": {
            "Second UserStory": [" i want to #know# #when# application of a library policy to an object or object component is scheduled to expire."],
            "First UserStory": [" i want to #know# #when# copyright for an object or object component is likely to expire per jurisdictional copyright statute."]
        },
        "Targets": [[
            "know",
            "when"
        ]],
        "Triggers": [[
            "DAMS manager",
            "know"
        ]],
        "Text": {
            "Second UserStory": "#g25# as a dams manager, i want to #know# #when# application of a library policy to an object or object component is scheduled to expire.",
            "First UserStory": "#g25# as a dams manager, i want to #know# #when# copyright for an object or object component is likely to expire per jurisdictional copyright statute."
        },
        "Conflicted Elements": 4,
        "Conflict Pair": "user_story_84_AND_user_story_92"
    },
    {
        "Entity": {"Primary Entity": ["when"]},
        "Action": {"Primary Action": ["know"]},
        "Part of Sentence": {
            "Second UserStory": [" i want to #know# #when# permitted and restricted acts and/or their active dates are modified."],
            "First UserStory": [" i want to #know# #when# copyright for an object or object component is likely to expire per jurisdictional copyright statute."]
        },
        "Targets": [[
            "know",
            "when"
        ]],
        "Triggers": [[
            "DAMS manager",
            "know"
        ]],
        "Text": {
            "Second UserStory": "#g25# as a dams manager, i want to #know# #when# permitted and restricted acts and/or their active dates are modified.",
            "First UserStory": "#g25# as a dams manager, i want to #know# #when# copyright for an object or object component is likely to expire per jurisdictional copyright statute."
        },
        "Conflicted Elements": 4,
        "Conflict Pair": "user_story_84_AND_user_story_96"
    },
    {
        "Entity": {"Primary Entity": ["when"]},
        "Action": {"Primary Action": ["know"]},
        "Part of Sentence": {
            "Second UserStory": [" i want to #know# #when# the event occurred."],
            "First UserStory": [" i want to #know# #when# copyright for an object or object component is likely to expire per jurisdictional copyright statute."]
        },
        "Targets": [[
            "know",
            "when"
        ]],
        "Triggers": [[
            "DAMS manager",
            "know"
        ]],
        "Text": {
            "Second UserStory": "#g25# as a dams manager, i want to #know# #when# the event occurred.",
            "First UserStory": "#g25# as a dams manager, i want to #know# #when# copyright for an object or object component is likely to expire per jurisdictional copyright statute."
        },
        "Conflicted Elements": 4,
        "Conflict Pair": "user_story_84_AND_user_story_99"
    },
    {
        "Entity": {"Primary Entity": ["when"]},
        "Action": {"Primary Action": ["know"]},
        "Part of Sentence": {
            "Second UserStory": [" i want to #know# #when# the pertinence of a statute to a object or object component is scheduled to expire."],
            "First UserStory": [" i want to #know# #when# the copyright status for an object or object component is modified"]
        },
        "Targets": [[
            "know",
            "when"
        ]],
        "Triggers": [[
            "DAMS manager",
            "know"
        ]],
        "Text": {
            "Second UserStory": "#g25# as a dams manager, i want to #know# #when# the pertinence of a statute to a object or object component is scheduled to expire.",
            "First UserStory": "#g25# as a dams manager, i want to #know# #when# the copyright status for an object or object component is modified, either manually or automatically."
        },
        "Conflicted Elements": 4,
        "Conflict Pair": "user_story_85_AND_user_story_88"
    },
    {
        "Entity": {"Primary Entity": ["when"]},
        "Action": {"Primary Action": ["know"]},
        "Part of Sentence": {
            "Second UserStory": [" i want to #know# #when# the application of a statute to an object or object component has been modified"],
            "First UserStory": [" i want to #know# #when# the copyright status for an object or object component is modified"]
        },
        "Targets": [[
            "know",
            "when"
        ]],
        "Triggers": [[
            "DAMS manager",
            "know"
        ]],
        "Text": {
            "Second UserStory": "#g25# as a dams manager, i want to #know# #when# the application of a statute to an object or object component has been modified, either manually or automatically.",
            "First UserStory": "#g25# as a dams manager, i want to #know# #when# the copyright status for an object or object component is modified, either manually or automatically."
        },
        "Conflicted Elements": 4,
        "Conflict Pair": "user_story_85_AND_user_story_89"
    },
    {
        "Entity": {"Primary Entity": ["when"]},
        "Action": {"Primary Action": ["know"]},
        "Part of Sentence": {
            "Second UserStory": [" i want to #know# #when# application of a library policy to an object or object component is scheduled to expire."],
            "First UserStory": [" i want to #know# #when# the copyright status for an object or object component is modified"]
        },
        "Targets": [[
            "know",
            "when"
        ]],
        "Triggers": [[
            "DAMS manager",
            "know"
        ]],
        "Text": {
            "Second UserStory": "#g25# as a dams manager, i want to #know# #when# application of a library policy to an object or object component is scheduled to expire.",
            "First UserStory": "#g25# as a dams manager, i want to #know# #when# the copyright status for an object or object component is modified, either manually or automatically."
        },
        "Conflicted Elements": 4,
        "Conflict Pair": "user_story_85_AND_user_story_92"
    },
    {
        "Entity": {"Primary Entity": ["when"]},
        "Action": {"Primary Action": ["know"]},
        "Part of Sentence": {
            "Second UserStory": [" i want to #know# #when# permitted and restricted acts and/or their active dates are modified."],
            "First UserStory": [" i want to #know# #when# the copyright status for an object or object component is modified"]
        },
        "Targets": [[
            "know",
            "when"
        ]],
        "Triggers": [[
            "DAMS manager",
            "know"
        ]],
        "Text": {
            "Second UserStory": "#g25# as a dams manager, i want to #know# #when# permitted and restricted acts and/or their active dates are modified.",
            "First UserStory": "#g25# as a dams manager, i want to #know# #when# the copyright status for an object or object component is modified, either manually or automatically."
        },
        "Conflicted Elements": 4,
        "Conflict Pair": "user_story_85_AND_user_story_96"
    },
    {
        "Entity": {"Primary Entity": ["when"]},
        "Action": {"Primary Action": ["know"]},
        "Part of Sentence": {
            "Second UserStory": [" i want to #know# #when# the event occurred."],
            "First UserStory": [" i want to #know# #when# the copyright status for an object or object component is modified"]
        },
        "Targets": [[
            "know",
            "when"
        ]],
        "Triggers": [[
            "DAMS manager",
            "know"
        ]],
        "Text": {
            "Second UserStory": "#g25# as a dams manager, i want to #know# #when# the event occurred.",
            "First UserStory": "#g25# as a dams manager, i want to #know# #when# the copyright status for an object or object component is modified, either manually or automatically."
        },
        "Conflicted Elements": 4,
        "Conflict Pair": "user_story_85_AND_user_story_99"
    },
    {
        "Entity": {"Primary Entity": ["when"]},
        "Action": {"Primary Action": ["know"]},
        "Part of Sentence": {
            "Second UserStory": [" i want to #know# #when# the application of a statute to an object or object component has been modified"],
            "First UserStory": [" i want to #know# #when# the pertinence of a statute to a object or object component is scheduled to expire."]
        },
        "Contains": [
            [
                "object",
                "statute"
            ],
            [
                "object component",
                "statute"
            ]
        ],
        "Targets": [[
            "know",
            "when"
        ]],
        "Triggers": [[
            "DAMS manager",
            "know"
        ]],
        "Text": {
            "Second UserStory": "#g25# as a dams manager, i want to #know# #when# the application of a statute to an object or object component has been modified, either manually or automatically.",
            "First UserStory": "#g25# as a dams manager, i want to #know# #when# the pertinence of a statute to a object or object component is scheduled to expire."
        },
        "Conflicted Elements": 6,
        "Conflict Pair": "user_story_88_AND_user_story_89"
    },
    {
        "Entity": {"Primary Entity": ["when"]},
        "Action": {"Primary Action": ["know"]},
        "Part of Sentence": {
            "Second UserStory": [" i want to #know# #when# application of a library policy to an object or object component is scheduled to expire."],
            "First UserStory": [" i want to #know# #when# the pertinence of a statute to a object or object component is scheduled to expire."]
        },
        "Targets": [[
            "know",
            "when"
        ]],
        "Triggers": [[
            "DAMS manager",
            "know"
        ]],
        "Text": {
            "Second UserStory": "#g25# as a dams manager, i want to #know# #when# application of a library policy to an object or object component is scheduled to expire.",
            "First UserStory": "#g25# as a dams manager, i want to #know# #when# the pertinence of a statute to a object or object component is scheduled to expire."
        },
        "Conflicted Elements": 4,
        "Conflict Pair": "user_story_88_AND_user_story_92"
    },
    {
        "Entity": {"Primary Entity": ["when"]},
        "Action": {"Primary Action": ["know"]},
        "Part of Sentence": {
            "Second UserStory": [" i want to #know# #when# permitted and restricted acts and/or their active dates are modified."],
            "First UserStory": [" i want to #know# #when# the pertinence of a statute to a object or object component is scheduled to expire."]
        },
        "Targets": [[
            "know",
            "when"
        ]],
        "Triggers": [[
            "DAMS manager",
            "know"
        ]],
        "Text": {
            "Second UserStory": "#g25# as a dams manager, i want to #know# #when# permitted and restricted acts and/or their active dates are modified.",
            "First UserStory": "#g25# as a dams manager, i want to #know# #when# the pertinence of a statute to a object or object component is scheduled to expire."
        },
        "Conflicted Elements": 4,
        "Conflict Pair": "user_story_88_AND_user_story_96"
    },
    {
        "Entity": {"Primary Entity": ["when"]},
        "Action": {"Primary Action": ["know"]},
        "Part of Sentence": {
            "Second UserStory": [" i want to #know# #when# the event occurred."],
            "First UserStory": [" i want to #know# #when# the pertinence of a statute to a object or object component is scheduled to expire."]
        },
        "Targets": [[
            "know",
            "when"
        ]],
        "Triggers": [[
            "DAMS manager",
            "know"
        ]],
        "Text": {
            "Second UserStory": "#g25# as a dams manager, i want to #know# #when# the event occurred.",
            "First UserStory": "#g25# as a dams manager, i want to #know# #when# the pertinence of a statute to a object or object component is scheduled to expire."
        },
        "Conflicted Elements": 4,
        "Conflict Pair": "user_story_88_AND_user_story_99"
    },
    {
        "Entity": {"Primary Entity": ["when"]},
        "Action": {"Primary Action": ["know"]},
        "Part of Sentence": {
            "Second UserStory": [" i want to #know# #when# application of a library policy to an object or object component is scheduled to expire."],
            "First UserStory": [" i want to #know# #when# the application of a statute to an object or object component has been modified"]
        },
        "Targets": [[
            "know",
            "when"
        ]],
        "Triggers": [[
            "DAMS manager",
            "know"
        ]],
        "Text": {
            "Second UserStory": "#g25# as a dams manager, i want to #know# #when# application of a library policy to an object or object component is scheduled to expire.",
            "First UserStory": "#g25# as a dams manager, i want to #know# #when# the application of a statute to an object or object component has been modified, either manually or automatically."
        },
        "Conflicted Elements": 4,
        "Conflict Pair": "user_story_89_AND_user_story_92"
    },
    {
        "Entity": {"Secondary Entity": ["application"]},
        "Action": {"Secondary Action": ["modified"]},
        "Part of Sentence": {
            "Second UserStory": [" i want to know if #application# of a library policy to an object or object component has been #modified#"],
            "First UserStory": [" i want to know when the #application# of a statute to an object or object component has been #modified#"]
        },
        "Targets": [[
            "modified",
            "application"
        ]],
        "Triggers": [[
            "DAMS manager",
            "know"
        ]],
        "Text": {
            "Second UserStory": "#g25# as a dams manager, i want to know if #application# of a library policy to an object or object component has been #modified#, either manually or automatically.",
            "First UserStory": "#g25# as a dams manager, i want to know when the #application# of a statute to an object or object component has been #modified#, either manually or automatically."
        },
        "Conflicted Elements": 4,
        "Conflict Pair": "user_story_89_AND_user_story_93"
    },
    {
        "Entity": {"Primary Entity": ["when"]},
        "Action": {"Primary Action": ["know"]},
        "Part of Sentence": {
            "Second UserStory": [" i want to #know# #when# permitted and restricted acts and/or their active dates are modified."],
            "First UserStory": [" i want to #know# #when# the application of a statute to an object or object component has been modified"]
        },
        "Targets": [[
            "know",
            "when"
        ]],
        "Triggers": [[
            "DAMS manager",
            "know"
        ]],
        "Text": {
            "Second UserStory": "#g25# as a dams manager, i want to #know# #when# permitted and restricted acts and/or their active dates are modified.",
            "First UserStory": "#g25# as a dams manager, i want to #know# #when# the application of a statute to an object or object component has been modified, either manually or automatically."
        },
        "Conflicted Elements": 4,
        "Conflict Pair": "user_story_89_AND_user_story_96"
    },
    {
        "Entity": {"Primary Entity": ["when"]},
        "Action": {"Primary Action": ["know"]},
        "Part of Sentence": {
            "Second UserStory": [" i want to #know# #when# the event occurred."],
            "First UserStory": [" i want to #know# #when# the application of a statute to an object or object component has been modified"]
        },
        "Targets": [[
            "know",
            "when"
        ]],
        "Triggers": [[
            "DAMS manager",
            "know"
        ]],
        "Text": {
            "Second UserStory": "#g25# as a dams manager, i want to #know# #when# the event occurred.",
            "First UserStory": "#g25# as a dams manager, i want to #know# #when# the application of a statute to an object or object component has been modified, either manually or automatically."
        },
        "Conflicted Elements": 4,
        "Conflict Pair": "user_story_89_AND_user_story_99"
    },
    {
        "Entity": {"Primary Entity": ["when"]},
        "Action": {"Primary Action": ["know"]},
        "Part of Sentence": {
            "Second UserStory": [" i want to #know# #when# permitted and restricted acts and/or their active dates are modified."],
            "First UserStory": [" i want to #know# #when# application of a library policy to an object or object component is scheduled to expire."]
        },
        "Targets": [[
            "know",
            "when"
        ]],
        "Triggers": [[
            "DAMS manager",
            "know"
        ]],
        "Text": {
            "Second UserStory": "#g25# as a dams manager, i want to #know# #when# permitted and restricted acts and/or their active dates are modified.",
            "First UserStory": "#g25# as a dams manager, i want to #know# #when# application of a library policy to an object or object component is scheduled to expire."
        },
        "Conflicted Elements": 4,
        "Conflict Pair": "user_story_92_AND_user_story_96"
    },
    {
        "Entity": {"Primary Entity": ["when"]},
        "Action": {"Primary Action": ["know"]},
        "Part of Sentence": {
            "Second UserStory": [" i want to #know# #when# the event occurred."],
            "First UserStory": [" i want to #know# #when# application of a library policy to an object or object component is scheduled to expire."]
        },
        "Targets": [[
            "know",
            "when"
        ]],
        "Triggers": [[
            "DAMS manager",
            "know"
        ]],
        "Text": {
            "Second UserStory": "#g25# as a dams manager, i want to #know# #when# the event occurred.",
            "First UserStory": "#g25# as a dams manager, i want to #know# #when# application of a library policy to an object or object component is scheduled to expire."
        },
        "Conflicted Elements": 4,
        "Conflict Pair": "user_story_92_AND_user_story_99"
    },
    {
        "Entity": {"Primary Entity": ["when"]},
        "Action": {"Primary Action": ["know"]},
        "Part of Sentence": {
            "Second UserStory": [" i want to #know# #when# the event occurred."],
            "First UserStory": [" i want to #know# #when# permitted and restricted acts and/or their active dates are modified."]
        },
        "Targets": [[
            "know",
            "when"
        ]],
        "Triggers": [[
            "DAMS manager",
            "know"
        ]],
        "Text": {
            "Second UserStory": "#g25# as a dams manager, i want to #know# #when# the event occurred.",
            "First UserStory": "#g25# as a dams manager, i want to #know# #when# permitted and restricted acts and/or their active dates are modified."
        },
        "Conflicted Elements": 4,
        "Conflict Pair": "user_story_96_AND_user_story_99"
    }
]