[
    {
        "Entity": {"Primary Entity": ["repository"]},
        "Action": {"Primary Action": ["have"]},
        "Part of Sentence": {
            "Second UserStory": [" i want to #have# the #repository# to lift embargoes on the release date and set the access controls to the configuration set on item on that date."],
            "First UserStory": [" i want to #have# the #repository# queue my collection for replication upon ingest to our remote storage site and to display the remote replication status in each item and component page in the staff interface."]
        },
        "Targets": [[
            "have",
            "repository"
        ]],
        "Text": {
            "Second UserStory": "#g16# as a digitalrecords archivist, i want to #have# the #repository# to lift embargoes on the release date and set the access controls to the configuration set on item on that date.",
            "First UserStory": "#g16# as a collection curator, i want to #have# the #repository# queue my collection for replication upon ingest to our remote storage site and to display the remote replication status in each item and component page in the staff interface."
        },
        "Conflicted Elements": 3,
        "Conflict Pair": "user_story_11_AND_user_story_25"
    },
    {
        "Entity": {"Primary Entity": ["symplectic elements"]},
        "Action": {"Primary Action": ["have"]},
        "Part of Sentence": {
            "Second UserStory": [" i want to #have# #symplectic elements# to communicate"],
            "First UserStory": [" i want to #have# #symplectic elements# bidirectionally communicate and integrate with ddr"]
        },
        "Targets": [[
            "have",
            "Symplectic Elements"
        ]],
        "Triggers": [[
            "repoadmin",
            "have"
        ]],
        "Text": {
            "Second UserStory": "#g16# as a repoadmin, i want to #have# #symplectic elements# to communicate",
            "First UserStory": "#g16# as a repoadmin, i want to #have# #symplectic elements# bidirectionally communicate and integrate with ddr, which  provide a fedora connector and emory is using a hidden fedora instance that hydra collects objects for."
        },
        "Conflicted Elements": 4,
        "Conflict Pair": "user_story_15_AND_user_story_46"
    },
    {
        "Entity": {"Primary Entity": ["method"]},
        "Action": {"Primary Action": ["have"]},
        "Part of Sentence": {
            "Second UserStory": [" i want to #have# a #method# to add and remove individual people from deposit groups."],
            "First UserStory": [" i want to #have# a #method# to batch ingest etds we receive from proquest."]
        },
        "Targets": [[
            "have",
            "method"
        ]],
        "Triggers": [[
            "DigitalRecords Archivist",
            "have"
        ]],
        "Text": {
            "Second UserStory": "#g16# as a digitalrecords archivist, i want to #have# a #method# to add and remove individual people from deposit groups.",
            "First UserStory": "#g16# as a digitalrecords archivist, i want to #have# a #method# to batch ingest etds we receive from proquest."
        },
        "Conflicted Elements": 4,
        "Conflict Pair": "user_story_23_AND_user_story_31"
    }
]