[
    {
        "Entity": {"Secondary Entity": ["compliance"]},
        "Action": {"Secondary Action": ["review"]},
        "Part of Sentence": {
            "Second UserStory": [" so that i can #review# them for #compliance# and either approve, or fail or deny the plans and record any conditions, clearances, or corrections needed from the applicant."],
            "First UserStory": [" so that i can #review# the for #compliance# and subsequently approved or denied."]
        },
        "Targets": [[
            "review",
            "compliance"
        ]],
        "Text": {
            "Second UserStory": "#g03# as a plan review staff member, i want to #review# plans, so that i can #review# them for #compliance# and either approve, or fail or deny the plans and record any conditions, clearances, or corrections needed from the applicant.",
            "First UserStory": "#g03# as a staff member, i want to assign an application for detailed #review#, so that i can #review# the for #compliance# and subsequently approved or denied."
        },
        "Conflicted Elements": 3,
        "Conflict Pair": "user_story_12_AND_user_story_39"
    },
    {
        "Entity": {"Secondary Entity": ["compliance"]},
        "Action": {"Secondary Action": ["ensure"]},
        "Part of Sentence": {
            "Second UserStory": [" so that i can #ensure# #compliance# with the requirements prior to the hearing."],
            "First UserStory": [" so that i can #ensure# #compliance# with and satisfaction of the proffer in the future."]
        },
        "Targets": [[
            "ensure",
            "compliance"
        ]],
        "Triggers": [[
            "Staff member",
            "Manage"
        ]],
        "Text": {
            "Second UserStory": "#g03# as a staff member, i want to manage affidavits, so that i can #ensure# #compliance# with the requirements prior to the hearing.",
            "First UserStory": "#g03# as a staff member, i want to manage approved proffers, so that i can #ensure# #compliance# with and satisfaction of the proffer in the future."
        },
        "Conflicted Elements": 4,
        "Conflict Pair": "user_story_17_AND_user_story_30"
    }
]