[
    {
        "Entity": {"Primary Entity": ["activities"]},
        "Action": {"Primary Action": ["schedule"]},
        "Part of Sentence": {
            "Second UserStory": [" i want to be able to #schedule# tasks/#activities# for a specific camp group"],
            "First UserStory": [" i want to be able to #schedule# #activities# for campers"]
        },
        "Targets": [[
            "schedule",
            "activities"
        ]],
        "Triggers": [[
            "camp administrator",
            "schedule"
        ]],
        "Text": {
            "Second UserStory": "#g12# as a camp administrator, i want to be able to #schedule# tasks/#activities# for a specific camp group, so that i can track each groups daily/weekly and monthly activities.",
            "First UserStory": "#g12# as a camp administrator, i want to be able to #schedule# #activities# for campers, so that camp workers can easily keep track of who is where at all times."
        },
        "Conflicted Elements": 4,
        "Conflict Pair": "user_story_06_AND_user_story_27"
    },
    {
        "Entity": {"Primary Entity": ["information"]},
        "Action": {"Primary Action": ["modify"]},
        "Part of Sentence": {
            "Second UserStory": [" i want to be able to #modify# the #information# of added parents"],
            "First UserStory": [" i want to be able to #modify# the #information# of enrolled campers"]
        },
        "Targets": [[
            "modify",
            "information"
        ]],
        "Triggers": [[
            "camp administrator",
            "modify"
        ]],
        "Text": {
            "Second UserStory": "#g12# as a camp administrator, i want to be able to #modify# the #information# of added parents, so that i can keep parent's information up to date.",
            "First UserStory": "#g12# as a camp administrator, i want to be able to #modify# the #information# of enrolled campers, so that i can keep the campers information up to date."
        },
        "Conflicted Elements": 4,
        "Conflict Pair": "user_story_30_AND_user_story_32"
    },
    {
        "Entity": {"Secondary Entity": ["pages"]},
        "Action": {"Secondary Action": ["keep"]},
        "Part of Sentence": {
            "Second UserStory": [" so that i can #keep# my #pages# free of unneeded clutter."],
            "First UserStory": [" so that i can #keep# my #pages# free of clutter."]
        },
        "Targets": [[
            "keep",
            "pages"
        ]],
        "Triggers": [[
            "camp administrator",
            "delete"
        ]],
        "Text": {
            "Second UserStory": "#g12# as a camp administrator, i want to be able to delete parents from the database, so that i can #keep# my #pages# free of unneeded clutter.",
            "First UserStory": "#g12# as a camp administrator, i want to be able to delete campers from the database, so that i can #keep# my #pages# free of clutter."
        },
        "Conflicted Elements": 4,
        "Conflict Pair": "user_story_31_AND_user_story_33"
    },
    {
        "Entity": {"Secondary Entity": ["peace of mind"]},
        "Action": {"Secondary Action": ["have"]},
        "Part of Sentence": {
            "Second UserStory": [" so that i can #have# #peace of mind#."],
            "First UserStory": [" so that i can #have# #peace of mind#."]
        },
        "Targets": [[
            "have",
            "peace of mind"
        ]],
        "Text": {
            "Second UserStory": "#g12# as a parent, i want to see which counselors are assigned to my kids, so that i can #have# #peace of mind#.",
            "First UserStory": "#g12# as a parent, i want to be able to track my child's activity and schedule at camp, so that i can #have# #peace of mind#."
        },
        "Conflicted Elements": 3,
        "Conflict Pair": "user_story_37_AND_user_story_40"
    }
]