[
    {
        "Entity": {"Secondary Entity": ["what"]},
        "Action": {"Secondary Action": ["know"]},
        "Part of Sentence": {
            "Second UserStory": [" so that they #know# #what# they can do with images."],
            "First UserStory": [" so that i #know# #what# i can do with a file."]
        },
        "Targets": [[
            "know",
            "what"
        ]],
        "Text": {
            "Second UserStory": "#g26# as an archivist, i want to make information about rights available to researchers and donors, so that they #know# #what# they can do with images.",
            "First UserStory": "#g26# as an archivist, i want to apply a license or rights statement, so that i #know# #what# i can do with a file."
        },
        "Conflicted Elements": 3,
        "Conflict Pair": "user_story_01_AND_user_story_45"
    },
    {
        "Entity": {"Primary Entity": ["access"]},
        "Action": {"Primary Action": ["restrict"]},
        "Part of Sentence": {
            "Second UserStory": [" i want to #restrict# #access# to certain files by user"],
            "First UserStory": [" i want to #restrict# #access# to some files by ip address"]
        },
        "Targets": [[
            "restrict",
            "access"
        ]],
        "Triggers": [[
            "archivist",
            "restrict"
        ]],
        "Text": {
            "Second UserStory": "#g26# as an archivist, i want to #restrict# #access# to certain files by user, so that i can allow donor representatives to see certain files.",
            "First UserStory": "#g26# as an archivist, i want to #restrict# #access# to some files by ip address, so that i can give reading room access only to certain digital files."
        },
        "Conflicted Elements": 4,
        "Conflict Pair": "user_story_09_AND_user_story_10"
    },
    {
        "Entity": {"Primary Entity": ["all files"]},
        "Action": {"Primary Action": ["search"]},
        "Part of Sentence": {
            "Second UserStory": [" i want to #search# #all files# by #keyword#."],
            "First UserStory": [" i want to #search# #all files# by #keyword#."]
        },
        "Contains": [[
            "all files",
            "keyword"
        ]],
        "Targets": [[
            "search",
            "all files"
        ]],
        "Text": {
            "Second UserStory": "#g26# as an archivist, i want to #search# #all files# by #keyword#.",
            "First UserStory": "#g26# as a researcher, i want to #search# #all files# by #keyword#."
        },
        "Conflicted Elements": 4,
        "Conflict Pair": "user_story_56_AND_user_story_61"
    },
    {
        "Entity": {"Primary Entity": ["files"]},
        "Action": {"Primary Action": ["browse through"]},
        "Part of Sentence": {
            "Second UserStory": [" i want to #browse through# #files# in a #collection#."],
            "First UserStory": [" i want to #browse through# #files# in a #collection#."]
        },
        "Contains": [[
            "collection",
            "files"
        ]],
        "Targets": [[
            "browse through",
            "files"
        ]],
        "Text": {
            "Second UserStory": "#g26# as an archivist, i want to #browse through# #files# in a #collection#.",
            "First UserStory": "#g26# as a researcher, i want to #browse through# #files# in a #collection#."
        },
        "Conflicted Elements": 4,
        "Conflict Pair": "user_story_59_AND_user_story_60"
    },
    {
        "Entity": {"Primary Entity": ["images"]},
        "Action": {"Primary Action": ["search"]},
        "Part of Sentence": {
            "Second UserStory": [" i want to #search# #images# by people represented in them."],
            "First UserStory": [" i want to #search# #images# by photographer."]
        },
        "Targets": [[
            "search",
            "images"
        ]],
        "Triggers": [[
            "archivist",
            "search"
        ]],
        "Text": {
            "Second UserStory": "#g26# as an archivist, i want to #search# #images# by people represented in them.",
            "First UserStory": "#g26# as an archivist, i want to #search# #images# by photographer."
        },
        "Conflicted Elements": 4,
        "Conflict Pair": "user_story_83_AND_user_story_84"
    },
    {
        "Entity": {"Primary Entity": ["images"]},
        "Action": {"Primary Action": ["search"]},
        "Part of Sentence": {
            "Second UserStory": [" i want to #search# #images# by place the photo was taken."],
            "First UserStory": [" i want to #search# #images# by photographer."]
        },
        "Targets": [[
            "search",
            "images"
        ]],
        "Triggers": [[
            "archivist",
            "search"
        ]],
        "Text": {
            "Second UserStory": "#g26# as an archivist, i want to #search# #images# by place the photo was taken.",
            "First UserStory": "#g26# as an archivist, i want to #search# #images# by photographer."
        },
        "Conflicted Elements": 4,
        "Conflict Pair": "user_story_83_AND_user_story_85"
    },
    {
        "Entity": {"Primary Entity": ["images"]},
        "Action": {"Primary Action": ["search"]},
        "Part of Sentence": {
            "Second UserStory": [" i want to #search# #images# by rights."],
            "First UserStory": [" i want to #search# #images# by photographer."]
        },
        "Targets": [[
            "search",
            "images"
        ]],
        "Triggers": [[
            "archivist",
            "search"
        ]],
        "Text": {
            "Second UserStory": "#g26# as an archivist, i want to #search# #images# by rights.",
            "First UserStory": "#g26# as an archivist, i want to #search# #images# by photographer."
        },
        "Conflicted Elements": 4,
        "Conflict Pair": "user_story_83_AND_user_story_86"
    },
    {
        "Entity": {"Primary Entity": ["images"]},
        "Action": {"Primary Action": ["search"]},
        "Part of Sentence": {
            "Second UserStory": [" i want to #search# #images# by place the photo was taken."],
            "First UserStory": [" i want to #search# #images# by people represented in them."]
        },
        "Targets": [[
            "search",
            "images"
        ]],
        "Triggers": [[
            "archivist",
            "search"
        ]],
        "Text": {
            "Second UserStory": "#g26# as an archivist, i want to #search# #images# by place the photo was taken.",
            "First UserStory": "#g26# as an archivist, i want to #search# #images# by people represented in them."
        },
        "Conflicted Elements": 4,
        "Conflict Pair": "user_story_84_AND_user_story_85"
    },
    {
        "Entity": {"Primary Entity": ["images"]},
        "Action": {"Primary Action": ["search"]},
        "Part of Sentence": {
            "Second UserStory": [" i want to #search# #images# by rights."],
            "First UserStory": [" i want to #search# #images# by people represented in them."]
        },
        "Targets": [[
            "search",
            "images"
        ]],
        "Triggers": [[
            "archivist",
            "search"
        ]],
        "Text": {
            "Second UserStory": "#g26# as an archivist, i want to #search# #images# by rights.",
            "First UserStory": "#g26# as an archivist, i want to #search# #images# by people represented in them."
        },
        "Conflicted Elements": 4,
        "Conflict Pair": "user_story_84_AND_user_story_86"
    },
    {
        "Entity": {"Primary Entity": ["images"]},
        "Action": {"Primary Action": ["search"]},
        "Part of Sentence": {
            "Second UserStory": [" i want to #search# #images# by rights."],
            "First UserStory": [" i want to #search# #images# by place the photo was taken."]
        },
        "Targets": [[
            "search",
            "images"
        ]],
        "Triggers": [[
            "archivist",
            "search"
        ]],
        "Text": {
            "Second UserStory": "#g26# as an archivist, i want to #search# #images# by rights.",
            "First UserStory": "#g26# as an archivist, i want to #search# #images# by place the photo was taken."
        },
        "Conflicted Elements": 4,
        "Conflict Pair": "user_story_85_AND_user_story_86"
    }
]