[
    {
        "Entity": {"Primary Entity": ["how"]},
        "Action": {"Primary Action": ["understand"]},
        "Part of Sentence": {
            "Second UserStory": [" i want to #understand# #how# other similar organizations are handling visual design"],
            "First UserStory": [" i want to #understand# #how# time off overlaps with plans around the user research."]
        },
        "Targets": [[
            "understand",
            "how"
        ]],
        "Text": {
            "Second UserStory": "#g11# as a site administrator, i want to #understand# #how# other similar organizations are handling visual design, so that i can make informed decisions about what appears to work well and what doesn't.",
            "First UserStory": "#g11# as a team member, i want to #understand# #how# time off overlaps with plans around the user research."
        },
        "Conflicted Elements": 3,
        "Conflict Pair": "user_story_21_AND_user_story_66"
    },
    {
        "Entity": {"Primary Entity": ["how"]},
        "Action": {"Primary Action": ["understand"]},
        "Part of Sentence": {
            "Second UserStory": [" i want to #understand# #how# other similar organizations are handling content"],
            "First UserStory": [" i want to #understand# #how# time off overlaps with plans around the user research."]
        },
        "Targets": [[
            "understand",
            "how"
        ]],
        "Text": {
            "Second UserStory": "#g11# as a site administrator, i want to #understand# #how# other similar organizations are handling content, so that i can make informed decisions about what appears to work well and what doesn't.",
            "First UserStory": "#g11# as a team member, i want to #understand# #how# time off overlaps with plans around the user research."
        },
        "Conflicted Elements": 3,
        "Conflict Pair": "user_story_21_AND_user_story_68"
    },
    {
        "Entity": {"Primary Entity": ["how"]},
        "Action": {"Primary Action": ["understand"]},
        "Part of Sentence": {
            "Second UserStory": [" i want to #understand# #how# work moves between ux/content > visual design > front end dev for a sprint cycle."],
            "First UserStory": [" i want to #understand# #how# time off overlaps with plans around the user research."]
        },
        "Targets": [[
            "understand",
            "how"
        ]],
        "Triggers": [[
            "team member",
            "understand"
        ]],
        "Text": {
            "Second UserStory": "#g11# as a team member, i want to #understand# #how# work moves between ux/content > visual design > front end dev for a sprint cycle.",
            "First UserStory": "#g11# as a team member, i want to #understand# #how# time off overlaps with plans around the user research."
        },
        "Conflicted Elements": 4,
        "Conflict Pair": "user_story_21_AND_user_story_73"
    },
    {
        "Entity": {"Secondary Entity": ["how"]},
        "Action": {"Secondary Action": ["understand"]},
        "Part of Sentence": {
            "Second UserStory": [" so that i can #understand# #how# they might impact an eventual cms / future web presence."],
            "First UserStory": [" so that i can #understand# #how# this might impact current direction."]
        },
        "Targets": [[
            "understand",
            "how"
        ]],
        "Text": {
            "Second UserStory": "#g11# as an nsf employee, i want to have editorial-planning recommendations, so that i can #understand# #how# they might impact an eventual cms / future web presence.",
            "First UserStory": "#g11# as a cms sme, i want to see the webmaster workflow report, so that i can #understand# #how# this might impact current direction."
        },
        "Conflicted Elements": 3,
        "Conflict Pair": "user_story_26_AND_user_story_31"
    },
    {
        "Entity": {"Secondary Entity": ["how"]},
        "Action": {"Secondary Action": ["understand"]},
        "Part of Sentence": {
            "Second UserStory": [" so that i #understand# #how# we will gain understandings from tests that will drive recommendations."],
            "First UserStory": [" so that i can #understand# #how# this might impact current direction."]
        },
        "Targets": [[
            "understand",
            "how"
        ]],
        "Text": {
            "Second UserStory": "#g11# as a team member, i want to have a prototype strategy, so that i #understand# #how# we will gain understandings from tests that will drive recommendations.",
            "First UserStory": "#g11# as a cms sme, i want to see the webmaster workflow report, so that i can #understand# #how# this might impact current direction."
        },
        "Conflicted Elements": 3,
        "Conflict Pair": "user_story_26_AND_user_story_37"
    },
    {
        "Entity": {"Secondary Entity": ["how"]},
        "Action": {"Secondary Action": ["understand"]},
        "Part of Sentence": {
            "Second UserStory": [" so that i can #understand# our next steps and #how# they apply to me."],
            "First UserStory": [" so that i can #understand# #how# this might impact current direction."]
        },
        "Targets": [[
            "understand",
            "how"
        ]],
        "Text": {
            "Second UserStory": "#g11# as a workshop attendee, i want to have a summary of what we learned, so that i can #understand# our next steps and #how# they apply to me.",
            "First UserStory": "#g11# as a cms sme, i want to see the webmaster workflow report, so that i can #understand# #how# this might impact current direction."
        },
        "Conflicted Elements": 3,
        "Conflict Pair": "user_story_26_AND_user_story_42"
    },
    {
        "Entity": {"Secondary Entity": ["how"]},
        "Action": {"Secondary Action": ["understand"]},
        "Part of Sentence": {
            "Second UserStory": [" so that i #understand# #how# we will gain understandings from tests that will drive recommendations."],
            "First UserStory": [" so that i can #understand# #how# they might impact an eventual cms / future web presence."]
        },
        "Targets": [[
            "understand",
            "how"
        ]],
        "Text": {
            "Second UserStory": "#g11# as a team member, i want to have a prototype strategy, so that i #understand# #how# we will gain understandings from tests that will drive recommendations.",
            "First UserStory": "#g11# as an nsf employee, i want to have editorial-planning recommendations, so that i can #understand# #how# they might impact an eventual cms / future web presence."
        },
        "Conflicted Elements": 3,
        "Conflict Pair": "user_story_31_AND_user_story_37"
    },
    {
        "Entity": {"Secondary Entity": ["how"]},
        "Action": {"Secondary Action": ["understand"]},
        "Part of Sentence": {
            "Second UserStory": [" so that i can #understand# our next steps and #how# they apply to me."],
            "First UserStory": [" so that i can #understand# #how# they might impact an eventual cms / future web presence."]
        },
        "Targets": [[
            "understand",
            "how"
        ]],
        "Text": {
            "Second UserStory": "#g11# as a workshop attendee, i want to have a summary of what we learned, so that i can #understand# our next steps and #how# they apply to me.",
            "First UserStory": "#g11# as an nsf employee, i want to have editorial-planning recommendations, so that i can #understand# #how# they might impact an eventual cms / future web presence."
        },
        "Conflicted Elements": 3,
        "Conflict Pair": "user_story_31_AND_user_story_42"
    },
    {
        "Entity": {"Primary Entity": ["how"]},
        "Action": {"Primary Action": ["know"]},
        "Part of Sentence": {
            "Second UserStory": [" i want to #know# #how# visual design directions were developed"],
            "First UserStory": [" i want to #know# #how# brand guidelines are developed and maintained"]
        },
        "Targets": [[
            "know",
            "how"
        ]],
        "Triggers": [[
            "NSF employee",
            "know"
        ]],
        "Text": {
            "Second UserStory": "#g11# as an nsf employee, i want to #know# #how# visual design directions were developed, so that i can make better design decisions in the future.",
            "First UserStory": "#g11# as an nsf employee, i want to #know# #how# brand guidelines are developed and maintained, so that i can incorporate them throughout the project."
        },
        "Conflicted Elements": 4,
        "Conflict Pair": "user_story_32_AND_user_story_34"
    },
    {
        "Entity": {"Secondary Entity": ["how"]},
        "Action": {"Secondary Action": ["understand"]},
        "Part of Sentence": {
            "Second UserStory": [" so that i can #understand# our next steps and #how# they apply to me."],
            "First UserStory": [" so that i #understand# #how# we will gain understandings from tests that will drive recommendations."]
        },
        "Targets": [[
            "understand",
            "how"
        ]],
        "Text": {
            "Second UserStory": "#g11# as a workshop attendee, i want to have a summary of what we learned, so that i can #understand# our next steps and #how# they apply to me.",
            "First UserStory": "#g11# as a team member, i want to have a prototype strategy, so that i #understand# #how# we will gain understandings from tests that will drive recommendations."
        },
        "Conflicted Elements": 3,
        "Conflict Pair": "user_story_37_AND_user_story_42"
    },
    {
        "Entity": {"Primary Entity": ["value"]},
        "Action": {"Primary Action": ["demonstrate"]},
        "Part of Sentence": {
            "Second UserStory": [" i want to #demonstrate# the #value# of visual design to the nsf project team"],
            "First UserStory": [" i want to #demonstrate# the #value# of user-centered content design to ensure it's an integral part of our recommendations."]
        },
        "Targets": [[
            "demonstrate",
            "value"
        ]],
        "Text": {
            "Second UserStory": "#g11# as a visualdesigner, i want to #demonstrate# the #value# of visual design to the nsf project team, so that visual design is an integral part of a redesign.",
            "First UserStory": "#g11# as a content designer, i want to #demonstrate# the #value# of user-centered content design to ensure it's an integral part of our recommendations."
        },
        "Conflicted Elements": 3,
        "Conflict Pair": "user_story_38_AND_user_story_60"
    },
    {
        "Entity": {"Secondary Entity": ["issues"]},
        "Action": {"Secondary Action": ["participate"]},
        "Part of Sentence": {
            "Second UserStory": [" so that i can #participate# in the #issues# as assigned."],
            "First UserStory": [" so that i can #participate# in the #issues# as assigned."]
        },
        "Targets": [[
            "participate",
            "issues"
        ]],
        "Text": {
            "Second UserStory": "#g11# as an nsf employee, i want to learn about how github is used, so that i can #participate# in the #issues# as assigned.",
            "First UserStory": "#g11# as an nsf employee, i want to join github, so that i can #participate# in the #issues# as assigned."
        },
        "Conflicted Elements": 3,
        "Conflict Pair": "user_story_48_AND_user_story_49"
    },
    {
        "Entity": {"Secondary Entity": ["different design concepts"]},
        "Action": {"Secondary Action": ["discuss"]},
        "Part of Sentence": {
            "Second UserStory": [" so that we can #discuss# #different design concepts# with stakeholders."],
            "First UserStory": [" so that we can #discuss# #different design concepts# with stakeholders."]
        },
        "Targets": [[
            "discuss",
            "different design concepts"
        ]],
        "Text": {
            "Second UserStory": "#g11# as a visualdesigner, i want to create a moodboard to aid with visual design concepts for the nsf.gov website, so that we can #discuss# #different design concepts# with stakeholders.",
            "First UserStory": "#g11# as a visualdesigner, i want to concept different styles for the nsf.gov website, so that we can #discuss# #different design concepts# with stakeholders."
        },
        "Conflicted Elements": 3,
        "Conflict Pair": "user_story_51_AND_user_story_54"
    },
    {
        "Entity": {
            "Primary Entity": ["how"],
            "Secondary Entity": ["informed decisions"]
        },
        "Action": {
            "Secondary Action": ["make"],
            "Primary Action": ["understand"]
        },
        "Part of Sentence": {
            "Second UserStory": [" so that i can #make# #informed decisions# about what appears to work well and what doesn't."],
            "First UserStory": [" so that i can #make# #informed decisions# about what appears to work well and what doesn't."]
        },
        "Targets": [
            [
                "make",
                "informed decisions"
            ],
            [
                "understand",
                "how"
            ]
        ],
        "Triggers": [[
            "site administrator",
            "understand"
        ]],
        "Text": {
            "Second UserStory": "#g11# as a site administrator, i want to #understand# #how# other similar organizations are handling content, so that i can #make# #informed decisions# about what appears to work well and what doesn't.",
            "First UserStory": "#g11# as a site administrator, i want to #understand# #how# other similar organizations are handling visual design, so that i can #make# #informed decisions# about what appears to work well and what doesn't."
        },
        "Conflicted Elements": 7,
        "Conflict Pair": "user_story_66_AND_user_story_68"
    },
    {
        "Entity": {"Primary Entity": ["how"]},
        "Action": {"Primary Action": ["understand"]},
        "Part of Sentence": {
            "Second UserStory": [" i want to #understand# #how# work moves between ux/content > visual design > front end dev for a sprint cycle."],
            "First UserStory": [" i want to #understand# #how# other similar organizations are handling visual design"]
        },
        "Targets": [[
            "understand",
            "how"
        ]],
        "Text": {
            "Second UserStory": "#g11# as a team member, i want to #understand# #how# work moves between ux/content > visual design > front end dev for a sprint cycle.",
            "First UserStory": "#g11# as a site administrator, i want to #understand# #how# other similar organizations are handling visual design, so that i can make informed decisions about what appears to work well and what doesn't."
        },
        "Conflicted Elements": 3,
        "Conflict Pair": "user_story_66_AND_user_story_73"
    },
    {
        "Entity": {"Primary Entity": ["how"]},
        "Action": {"Primary Action": ["understand"]},
        "Part of Sentence": {
            "Second UserStory": [" i want to #understand# #how# work moves between ux/content > visual design > front end dev for a sprint cycle."],
            "First UserStory": [" i want to #understand# #how# other similar organizations are handling content"]
        },
        "Targets": [[
            "understand",
            "how"
        ]],
        "Text": {
            "Second UserStory": "#g11# as a team member, i want to #understand# #how# work moves between ux/content > visual design > front end dev for a sprint cycle.",
            "First UserStory": "#g11# as a site administrator, i want to #understand# #how# other similar organizations are handling content, so that i can make informed decisions about what appears to work well and what doesn't."
        },
        "Conflicted Elements": 3,
        "Conflict Pair": "user_story_68_AND_user_story_73"
    }
]