[
    {
        "Entity": {"Secondary Entity": ["dataset"]},
        "Action": {"Primary Action": ["publish"]},
        "Part of Sentence": {
            "Second UserStory": [" i want to #publish# a #dataset#"],
            "First UserStory": [" i want to #publish# a #dataset#"]
        },
        "Targets": [[
            "publish",
            "dataset"
        ]],
        "Triggers": [[
            "Publisher",
            "publish"
        ]],
        "Text": {
            "Second UserStory": "#g14# as a publisher, i want to #publish# a #dataset#, so that i can share the #dataset# publicly with everyone.",
            "First UserStory": "#g14# as a publisher, i want to #publish# a #dataset#, so that i can view just the #dataset# with a few people."
        },
        "Conflicted Elements": 4,
        "Conflict Pair": "user_story_01_AND_user_story_02"
    },
    {
        "Entity": {"Primary Entity": ["someone"]},
        "Action": {"Primary Action": ["invite"]},
        "Part of Sentence": {
            "Second UserStory": [" i want to #invite# #someone# using their email to sign up and become a member of my publisher"],
            "First UserStory": [" i want to #invite# #someone# to join the platform"]
        },
        "Targets": [[
            "invite",
            "someone"
        ]],
        "Text": {
            "Second UserStory": "#g14# as an owner, i want to #invite# #someone# using their email to sign up and become a member of my publisher, so that that they are authorized to publish data packages under my publisher.",
            "First UserStory": "#g14# as an admin, i want to #invite# #someone# to join the platform, so that that they can start contributing or using data."
        },
        "Conflicted Elements": 3,
        "Conflict Pair": "user_story_06_AND_user_story_57"
    },
    {
        "Entity": {"Primary Entity": ["data package"]},
        "Action": {"Primary Action": ["publish"]},
        "Part of Sentence": {
            "Second UserStory": [" i want to #publish# a #data package# in the ui"],
            "First UserStory": [" i want to #publish# a #data package# where its resource data is stored on my servers but the registry caches a copy of that data"]
        },
        "Targets": [[
            "publish",
            "data package"
        ]],
        "Triggers": [[
            "Publisher",
            "publish"
        ]],
        "Text": {
            "Second UserStory": "#g14# as a publisher, i want to #publish# a #data package# in the ui, so that that it is available and published.",
            "First UserStory": "#g14# as a publisher, i want to #publish# a #data package# where its resource data is stored on my servers but the registry caches a copy of that data, so that that if my data is lost or gets broken i still have a copy people can use."
        },
        "Conflicted Elements": 4,
        "Conflict Pair": "user_story_15_AND_user_story_17"
    },
    {
        "Entity": {
            "Primary Entity": ["data package"],
            "Secondary Entity": ["sense"]
        },
        "Action": {
            "Secondary Action": ["get"],
            "Primary Action": ["view"]
        },
        "Part of Sentence": {
            "Second UserStory": [" so that that i can #get# a #sense# of whether i want this dataset or not."],
            "First UserStory": [" so that i can #get# a #sense# of whether this is the dataset i want."]
        },
        "Targets": [
            [
                "view",
                "data package"
            ],
            [
                "get",
                "sense"
            ]
        ],
        "Triggers": [[
            "Consumer",
            "view"
        ]],
        "Text": {
            "Second UserStory": "#g14# as a consumer, i want to #view# the #data package#, so that that i can #get# a #sense# of whether i want this dataset or not.",
            "First UserStory": "#g14# as a consumer, i want to #view# a #data package# online, so that i can #get# a #sense# of whether this is the dataset i want."
        },
        "Conflicted Elements": 7,
        "Conflict Pair": "user_story_22_AND_user_story_24"
    },
    {
        "Entity": {"Secondary Entity": ["sense"]},
        "Action": {"Secondary Action": ["get"]},
        "Part of Sentence": {
            "Second UserStory": [" so that i #get# a #sense# of what is on this site and if it is useful to look further."],
            "First UserStory": [" so that i can #get# a #sense# of whether this is the dataset i want."]
        },
        "Targets": [[
            "get",
            "sense"
        ]],
        "Text": {
            "Second UserStory": "#g14# as a consumer, i want to see some example data packages quickly, so that i #get# a #sense# of what is on this site and if it is useful to look further.",
            "First UserStory": "#g14# as a consumer, i want to view a data package online, so that i can #get# a #sense# of whether this is the dataset i want."
        },
        "Conflicted Elements": 3,
        "Conflict Pair": "user_story_22_AND_user_story_28"
    },
    {
        "Entity": {"Secondary Entity": ["sense"]},
        "Action": {"Secondary Action": ["get"]},
        "Part of Sentence": {
            "Second UserStory": [" so that that i can discover their packages and #get# a #sense# of how active and good they are."],
            "First UserStory": [" so that i can #get# a #sense# of whether this is the dataset i want."]
        },
        "Targets": [[
            "get",
            "sense"
        ]],
        "Text": {
            "Second UserStory": "#g14# as a consumer, i want to see a publisher's profile, so that that i can discover their packages and #get# a #sense# of how active and good they are.",
            "First UserStory": "#g14# as a consumer, i want to view a data package online, so that i can #get# a #sense# of whether this is the dataset i want."
        },
        "Conflicted Elements": 3,
        "Conflict Pair": "user_story_22_AND_user_story_52"
    },
    {
        "Entity": {"Secondary Entity": ["sense"]},
        "Action": {"Secondary Action": ["get"]},
        "Part of Sentence": {
            "Second UserStory": [" so that i #get# a #sense# of what is on this site and if it is useful to look further."],
            "First UserStory": [" so that that i can #get# a #sense# of whether i want this dataset or not."]
        },
        "Targets": [[
            "get",
            "sense"
        ]],
        "Text": {
            "Second UserStory": "#g14# as a consumer, i want to see some example data packages quickly, so that i #get# a #sense# of what is on this site and if it is useful to look further.",
            "First UserStory": "#g14# as a consumer, i want to view the data package, so that that i can #get# a #sense# of whether i want this dataset or not."
        },
        "Conflicted Elements": 3,
        "Conflict Pair": "user_story_24_AND_user_story_28"
    },
    {
        "Entity": {"Secondary Entity": ["sense"]},
        "Action": {"Secondary Action": ["get"]},
        "Part of Sentence": {
            "Second UserStory": [" so that that i can discover their packages and #get# a #sense# of how active and good they are."],
            "First UserStory": [" so that that i can #get# a #sense# of whether i want this dataset or not."]
        },
        "Targets": [[
            "get",
            "sense"
        ]],
        "Text": {
            "Second UserStory": "#g14# as a consumer, i want to see a publisher's profile, so that that i can discover their packages and #get# a #sense# of how active and good they are.",
            "First UserStory": "#g14# as a consumer, i want to view the data package, so that that i can #get# a #sense# of whether i want this dataset or not."
        },
        "Conflicted Elements": 3,
        "Conflict Pair": "user_story_24_AND_user_story_52"
    },
    {
        "Entity": {"Secondary Entity": ["sense"]},
        "Action": {"Secondary Action": ["get"]},
        "Part of Sentence": {
            "Second UserStory": [" so that that i can discover their packages and #get# a #sense# of how active and good they are."],
            "First UserStory": [" so that i #get# a #sense# of what is on this site and if it is useful to look further."]
        },
        "Targets": [[
            "get",
            "sense"
        ]],
        "Triggers": [[
            "Consumer",
            "see"
        ]],
        "Text": {
            "Second UserStory": "#g14# as a consumer, i want to see a publisher's profile, so that that i can discover their packages and #get# a #sense# of how active and good they are.",
            "First UserStory": "#g14# as a consumer, i want to see some example data packages quickly, so that i #get# a #sense# of what is on this site and if it is useful to look further."
        },
        "Conflicted Elements": 4,
        "Conflict Pair": "user_story_28_AND_user_story_52"
    },
    {
        "Entity": {"Primary Entity": ["data package"]},
        "Action": {"Primary Action": ["download"]},
        "Part of Sentence": {"First UserStory": [" i want to #download# the #data package# in one file"]},
        "Targets": [[
            "download",
            "data package"
        ]],
        "Text": {
            "Second UserStory": "#g14# as a data analyst i want to download a data package, so that that i can study it and wrangle with it to infer new data or generate new insights.",
            "First UserStory": "#g14# as a consumer, i want to #download# the #data package# in one file, so that that i don't have to download descriptor and each resource by hand."
        },
        "Conflicted Elements": 3,
        "Conflict Pair": "user_story_31_AND_user_story_34"
    },
    {
        "Entity": {"Primary Entity": ["data package"]},
        "Action": {"Primary Action": ["download"]},
        "Part of Sentence": {
            "Second UserStory": [" i want to #download# a #data package# at a particular version"],
            "First UserStory": [" i want to #download# the #data package# in one file"]
        },
        "Targets": [[
            "download",
            "data package"
        ]],
        "Triggers": [[
            "Consumer",
            "download"
        ]],
        "Text": {
            "Second UserStory": "#g14# as a consumer, i want to #download# a #data package# at a particular version, so that that i know it is compatible with my scripts and system.",
            "First UserStory": "#g14# as a consumer, i want to #download# the #data package# in one file, so that that i don't have to download descriptor and each resource by hand."
        },
        "Conflicted Elements": 4,
        "Conflict Pair": "user_story_31_AND_user_story_48"
    },
    {
        "Entity": {"Primary Entity": ["data package"]},
        "Action": {"Primary Action": ["download"]},
        "Part of Sentence": {"Second UserStory": [" i want to #download# a #data package# at a particular version"]},
        "Targets": [[
            "download",
            "data package"
        ]],
        "Text": {
            "Second UserStory": "#g14# as a consumer, i want to #download# a #data package# at a particular version, so that that i know it is compatible with my scripts and system.",
            "First UserStory": "#g14# as a data analyst i want to download a data package, so that that i can study it and wrangle with it to infer new data or generate new insights."
        },
        "Conflicted Elements": 3,
        "Conflict Pair": "user_story_34_AND_user_story_48"
    },
    {
        "Entity": {"Secondary Entity": ["data packages"]},
        "Action": {"Secondary Action": ["publish"]},
        "Part of Sentence": {
            "Second UserStory": [" so that they no longer have ability to #publish# or modify my #data packages#."],
            "First UserStory": [" so that that they are authorized to #publish# #data packages# under my publisher."]
        },
        "Targets": [[
            "publish",
            "data packages"
        ]],
        "Text": {
            "Second UserStory": "#g14# as an owner, i want to remove someone from membership in my publisher, so that they no longer have ability to #publish# or modify my #data packages#.",
            "First UserStory": "#g14# as an owner, i want to invite someone using their email to sign up and become a member of my publisher, so that that they are authorized to #publish# #data packages# under my publisher."
        },
        "Conflicted Elements": 3,
        "Conflict Pair": "user_story_57_AND_user_story_58"
    }
]